Program,Num / 1000
CAA,278.8732394366197
CWA,213.11475409836066
RCRA,153.84615384615384
