Program,State,CD,Facilities,Percent
CAA,TN,,35,1.2345679012345678
CWA,TN,,463,5.087353038127678
RCRA,TN,,78,1.8754508295263286
CAA,TN,4,0,0.0
CWA,TN,4,59,4.605776736924279
RCRA,TN,4,5,1.282051282051282
