Program,Num / 1000
CAA,22.535211267605632
CWA,328.6494925839188
RCRA,102.56410256410257
