Program,Num / 1000
CAA,4805.555555555556
CWA,143.49775784753362
RCRA,22.371364653243848
