Program,Num / 1000
CAA,250.0
CWA,2632.2869955156953
RCRA,43.624161073825505
