Program,Num / 1000
CAA,42.1216848673947
CWA,207.22135007849295
RCRA,73.93715341959334
