Program,State,CD,Facilities,Percent
CAA,NJ,,16,0.26468155500413565
CWA,NJ,,2206,20.388170055452864
RCRA,NJ,,276,2.3695054945054945
CAA,NJ,9,0,0.0
CWA,NJ,9,175,27.472527472527474
RCRA,NJ,9,22,2.033271719038817
