Program,Num / 1000
CAA,1.5600624024960998
CWA,1697.0172684458398
RCRA,15.711645101663587
