Program,Num / 1000
CAA,710.0591715976332
CWA,47.77070063694268
RCRA,32.544378698224854
