Program,Num / 1000
CAA,35.50295857988166
CWA,345.0106157112526
RCRA,29.585798816568047
