Program,Num / 1000
CAA,111.11111111111111
CWA,129.03225806451613
RCRA,4.511278195488722
