Program,Num / 1000
CAA,40.93567251461988
CWA,161.29032258064515
RCRA,2.506265664160401
