Program,Num / 1000
CAA,154.86725663716814
CWA,296.2962962962963
RCRA,10.430247718383312
