Program,Num / 1000
CAA,0.0
CWA,2305.5555555555557
RCRA,20.860495436766623
