Program,Num / 1000
CAA,36.03603603603604
CWA,111.11111111111111
RCRA,7.7619663648124195
