Program,Num / 1000
CAA,4.504504504504505
CWA,2000.0
RCRA,5.174644243208279
