Program,Num / 1000
CAA,8.695652173913043
CWA,301.0204081632653
RCRA,28.169014084507044
