Program,State,,Facilities,Percent
CAA,LA,,45,0.5092225868507413
CWA,LA,,3977,26.970025769700257
RCRA,LA,,231,1.3316423589093214
