Program,Num / 1000
CAA,574.2971887550201
CWA,102.04081632653062
RCRA,39.308176100628934
