Program,Num / 1000
CAA,12.048192771084338
CWA,801.4842300556586
RCRA,59.74842767295598
