Program,Num / 1000
CAA,108.5972850678733
CWA,173.91304347826087
RCRA,8.818342151675486
