Program,Num / 1000
CAA,2.262443438914027
CWA,2913.0434782608695
RCRA,14.109347442680775
