Program,Num / 1000
CAA,934.6246973365618
CWA,392.6521239954076
RCRA,109.34891485809683
