Program,Num / 1000
CAA,55.69007263922518
CWA,487.94489092996554
RCRA,27.54590984974958
