Program,Num / 1000
CAA,223.97845685516918
CWA,519.0311418685121
RCRA,26.690391459074732
