Program,Num / 1000
CAA,8.781173164734808
CWA,4017.3010380622836
RCRA,17.793594306049823
