Program,Num / 1000
CAA,10.783403556380776
CWA,4443.289224952741
RCRA,16.478751084128362
