Program,Num / 1000
CAA,1555.5555555555557
CWA,127.16763005780346
RCRA,43.68358913813459
