Program,Num / 1000
CAA,0.0
CWA,1531.791907514451
RCRA,17.70956316410862
