Program,Num / 1000
CAA,21.83406113537118
CWA,213.11475409836066
RCRA,17.441860465116278
