Program,State,CD,Facilities,Percent
CAA,CT,,21,0.7853403141361256
CWA,CT,,304,18.052256532066508
RCRA,CT,,125,2.779630865021125
CAA,CT,4,6,1.3100436681222707
CWA,CT,4,41,22.404371584699454
RCRA,CT,4,10,1.4534883720930232
