Program,Num / 1000
CAA,2.183406113537118
CWA,1043.7158469945355
RCRA,4.3604651162790695
