Program,Num / 1000
CAA,634.9206349206349
CWA,475.177304964539
RCRA,733.3333333333334
