Program,Num / 1000
CAA,98.21428571428571
CWA,9.424083769633508
RCRA,15.337423312883436
