Program,Num / 1000
CAA,26.785714285714285
CWA,152.87958115183247
RCRA,9.202453987730062
