Program,Num / 1000
CAA,22.388059701492537
CWA,12.787723785166241
RCRA,35.294117647058826
