Program,Num / 1000
CAA,0.0
CWA,140.66496163682865
RCRA,141.1764705882353
