Program,Num / 1000
CAA,1333.3333333333333
CWA,637.9310344827586
RCRA,20.864381520119224
