Program,Num / 1000
CAA,0.0
CWA,1362.0689655172414
RCRA,1.4903129657228018
