Program,Num / 1000
CAA,26.751592356687897
CWA,64.22018348623853
RCRA,20.44790652385589
