Program,State,CD,Facilities,Percent
CAA,IL,,36,0.23637557452396585
CWA,IL,,2067,26.736515327900662
RCRA,IL,,260,1.3121372697451426
CAA,IL,3,0,0.0
CWA,IL,3,37,16.972477064220186
RCRA,IL,3,13,1.2658227848101267
