Program,Num / 1000
CAA,10.19108280254777
CWA,1247.7064220183486
RCRA,4.868549172346641
