Program,Num / 1000
CAA,182.50950570342206
CWA,348.99328859060404
RCRA,193.1216931216931
