Program,Num / 1000
CAA,7.604562737642586
CWA,225.95078299776287
RCRA,111.11111111111111
