Program,Num / 1000
CAA,27.82462057335582
CWA,69.13183279742765
RCRA,48.665620094191524
