Program,Num / 1000
CAA,5.902192242833053
CWA,5032.154340836013
RCRA,16.483516483516482
