Program,Num / 1000
CAA,79.20154539600773
CWA,155.51839464882943
RCRA,17.28395061728395
