Program,Num / 1000
CAA,1.2878300064391501
CWA,685.61872909699
RCRA,6.172839506172839
