Program,Num / 1000
CAA,454.8802946593002
CWA,676.4705882352941
RCRA,16.587677725118482
