Program,Num / 1000
CAA,15.65377532228361
CWA,3169.1176470588234
RCRA,18.95734597156398
