Program,Num / 1000
CAA,34.72222222222222
CWA,169.34046345811052
RCRA,98.41269841269842
