Program,Num / 1000
CAA,0.0
CWA,2625.0742721330957
RCRA,69.84126984126983
