Program,Num / 1000
CAA,1.0775862068965518
CWA,3008.7914121784193
RCRA,107.68241722918675
