Program,Num / 1000
CAA,54.411764705882355
CWA,69.10569105691057
RCRA,10.309278350515465
