Program,Num / 1000
CAA,7.352941176470588
CWA,2069.1056910569105
RCRA,1.0309278350515463
