Program,Num / 1000
CAA,380.4713804713805
CWA,339.0264730999146
RCRA,22.742040285899936
