Program,Num / 1000
CAA,55.55555555555556
CWA,816.3962425277541
RCRA,5.847953216374269
