Program,Num / 1000
CAA,370.3703703703704
CWA,220.4724409448819
RCRA,5.62429696287964
