Program,Num / 1000
CAA,0.0
CWA,4133.858267716535
RCRA,6.749156355455568
