Program,Num / 1000
CAA,93.16770186335404
CWA,230.9368191721133
RCRA,225.80645161290323
