Program,Num / 1000
CAA,10.351966873706004
CWA,1496.7320261437908
RCRA,33.370411568409345
