Program,Num / 1000
CAA,3339.285714285714
CWA,240.343347639485
RCRA,62.20095693779904
