Program,Num / 1000
CAA,0.0
CWA,7875.5364806866955
RCRA,145.93301435406698
