Program,Num / 1000
CAA,198.8527724665392
CWA,165.74585635359117
RCRA,25.889967637540455
