Program,Num / 1000
CAA,28.680688336520078
CWA,5640.883977900552
RCRA,34.78964401294498
