Program,Num / 1000
CAA,43.47826086956522
CWA,8.035714285714286
RCRA,36.32887189292543
