Program,Num / 1000
CAA,14.492753623188406
CWA,18.75
RCRA,101.33843212237093
