Program,Num / 1000
CAA,567.0995670995671
CWA,9.634457353357892
RCRA,12.461059190031152
