Program,Num / 1000
CAA,21.645021645021647
CWA,172.8534995749504
RCRA,24.922118380062305
