Program,Num / 1000
CAA,1298.804780876494
CWA,422.4852071005917
RCRA,50.48543689320388
