Program,Num / 1000
CAA,39.8406374501992
CWA,362.72189349112426
RCRA,13.592233009708737
