Program,Num / 1000
CAA,304.3478260869565
CWA,219.17808219178082
RCRA,20.341207349081365
