Program,State,CD,Facilities,Percent
CAA,WI,,30,3.7783375314861463
CWA,WI,,409,29.31899641577061
RCRA,WI,,136,1.0116036893781613
CAA,WI,6,3,2.608695652173913
CWA,WI,6,63,28.767123287671232
RCRA,WI,6,25,1.6404199475065617
