Program,Num / 1000
CAA,52.17391304347826
CWA,621.0045662100457
RCRA,45.275590551181104
