Program,Num / 1000
CAA,464.56692913385825
CWA,205.4794520547945
RCRA,62.53948199620973
