Program,Num / 1000
CAA,62.99212598425197
CWA,6150.684931506849
RCRA,35.375868603916615
