Program,Num / 1000
CAA,93.5251798561151
CWA,66.0919540229885
RCRA,16.46706586826347
