Program,State,CD,Facilities,Percent
CAA,NH,,3,0.2542372881355932
CWA,NH,,172,12.224591329068941
RCRA,NH,,25,0.8695652173913043
CAA,NH,1,1,0.1798561151079137
CWA,NH,1,82,11.781609195402298
RCRA,NH,1,9,0.6736526946107785
