Program,Num / 1000
CAA,5.39568345323741
CWA,261.4942528735632
RCRA,50.89820359281437
