Program,Num / 1000
CAA,1976.5258215962442
CWA,240.78947368421052
RCRA,229.37293729372936
