Program,Num / 1000
CAA,103.28638497652582
CWA,360.5263157894737
RCRA,26.402640264026402
