Program,Num / 1000
CAA,1642.857142857143
CWA,289.8550724637681
RCRA,34.91620111731844
