Program,Num / 1000
CAA,0.0
CWA,1195.6521739130435
RCRA,27.932960893854748
