Program,Num / 1000
CAA,619.7183098591549
CWA,184.87394957983193
RCRA,30.797101449275363
