Program,Num / 1000
CAA,95.07042253521126
CWA,710.0840336134454
RCRA,20.833333333333332
