Program,Num / 1000
CAA,57.47126436781609
CWA,237.5249500998004
RCRA,148.3050847457627
