Program,Num / 1000
CAA,6.451612903225806
CWA,1196.1182994454714
RCRA,22.40728021978022
