Program,Num / 1000
CAA,0.0
CWA,1670.6586826347304
RCRA,33.898305084745765
