Program,Num / 1000
CAA,0.0
CWA,257.14285714285717
RCRA,145.83333333333334
