Program,Num / 1000
CAA,0.0
CWA,6371.428571428572
RCRA,83.33333333333333
