Program,Num / 1000
CAA,71.42857142857143
CWA,8.910891089108912
RCRA,46.63212435233161
