Program,Num / 1000
CAA,95.23809523809524
CWA,430.6930693069307
RCRA,134.71502590673575
