Program,Num / 1000
CAA,705.3571428571429
CWA,134.7826086956522
RCRA,62.27106227106227
