Program,Num / 1000
CAA,66.96428571428571
CWA,1617.391304347826
RCRA,53.11355311355312
