Program,Num / 1000
CAA,266.39344262295083
CWA,244.14478353442158
RCRA,42.998897464167584
