Program,Num / 1000
CAA,221.31147540983608
CWA,1153.3002129169624
RCRA,18.74310915104741
