Program,Num / 1000
CAA,519.4805194805194
CWA,157.89473684210526
RCRA,31.180400890868597
