Program,State,CD,Facilities,Percent
CAA,SC,,17,0.7688828584350972
CWA,SC,,544,19.868517165814463
RCRA,SC,,64,1.2620784855058176
CAA,SC,1,1,0.6493506493506493
CWA,SC,1,33,24.81203007518797
RCRA,SC,1,1,0.22271714922048996
