Program,Num / 1000
CAA,45.45454545454545
CWA,496.2406015037594
RCRA,35.634743875278396
