Program,Num / 1000
CAA,258.62068965517244
CWA,33.007334963325185
RCRA,32.95019157088122
