Program,Num / 1000
CAA,36.63793103448276
CWA,89.24205378973105
RCRA,34.48275862068966
