Program,Num / 1000
CAA,182.69230769230768
CWA,101.5850144092219
RCRA,41.333333333333336
