Program,Num / 1000
CAA,125.0
CWA,404.8991354466859
RCRA,38.666666666666664
