Program,Num / 1000
CAA,1375.0
CWA,255.31914893617022
RCRA,22.0125786163522
