Program,Num / 1000
CAA,0.0
CWA,1787.2340425531916
RCRA,13.626834381551364
