Program,Num / 1000
CAA,266.1870503597122
CWA,33.437826541274816
RCRA,96.51474530831099
