Program,Num / 1000
CAA,61.15107913669065
CWA,482.7586206896552
RCRA,40.21447721179624
