Program,Num / 1000
CAA,255.1440329218107
CWA,136.12217795484727
RCRA,65.57377049180327
