Program,Num / 1000
CAA,197.53086419753086
CWA,776.8924302788845
RCRA,55.220017256255396
