Program,Num / 1000
CAA,55.25238744884038
CWA,181.4595660749507
RCRA,17.139090309822016
