Program,State,CD,Facilities,Percent
CAA,MD,,17,0.16624291022882848
CWA,MD,,1254,25.72307692307692
RCRA,MD,,36,0.3287971504246963
CAA,MD,3,2,0.1364256480218281
CWA,MD,3,103,20.315581854043394
RCRA,MD,3,6,0.3955174686882004
