Program,Num / 1000
CAA,2.0463847203274215
CWA,408.28402366863907
RCRA,8.569545154911008
