Program,Num / 1000
CAA,253.5211267605634
CWA,76.92307692307692
RCRA,30.529172320217096
