Program,Num / 1000
CAA,28.169014084507044
CWA,1692.3076923076924
RCRA,56.98778833107191
