Program,Num / 1000
CAA,229.46899736147756
CWA,235.8896130911108
RCRA,23.216015498869876
