Program,Num / 1000
CAA,64.51612903225806
CWA,204.30107526881721
RCRA,6.802721088435374
