Program,Num / 1000
CAA,0.0
CWA,3731.1827956989246
RCRA,8.16326530612245
