Program,Num / 1000
CAA,302.3255813953488
CWA,477.6119402985075
RCRA,24.46043165467626
