Program,Num / 1000
CAA,1.4841688654353562
CWA,2697.822770766884
RCRA,22.085889570552148
