Program,Num / 1000
CAA,0.0
CWA,3507.4626865671644
RCRA,12.949640287769784
