Program,Num / 1000
CAA,563.6363636363636
CWA,280.19323671497585
RCRA,121.66172106824926
