Program,Num / 1000
CAA,145.45454545454547
CWA,10159.420289855072
RCRA,243.32344213649853
