Program,State,,Facilities,Percent
CAA,WY,,22,1.0064043915827996
CWA,WY,,542,29.536784741144412
RCRA,WY,,9,0.5765534913516976
