Program,Num / 1000
CAA,2.2872827081427265
CWA,1073.024523160763
RCRA,26.905829596412556
