Program,Num / 1000
CAA,395.3488372093023
CWA,24.78134110787172
RCRA,34.48275862068966
