Program,Num / 1000
CAA,418.6046511627907
CWA,1704.0816326530612
RCRA,26.52519893899204
