Program,Num / 1000
CAA,2121.5917464996314
CWA,244.20592705167172
RCRA,10.681958277909354
