Program,State,,Facilities,Percent
CAA,CA,,185,13.633014001473839
CWA,CA,,1363,12.946428571428573
RCRA,CA,,356,0.288745417383123
