Program,Num / 1000
CAA,324.6753246753247
CWA,257.57575757575756
RCRA,20.854021847070506
