Program,Num / 1000
CAA,51.94805194805195
CWA,681.8181818181819
RCRA,40.714995034756704
