Program,Num / 1000
CAA,0.0
CWA,16.018306636155607
RCRA,20.477815699658702
