Program,Num / 1000
CAA,15.625
CWA,370.70938215102973
RCRA,37.54266211604096
