Program,Num / 1000
CAA,46.18937644341801
CWA,151.97956577266922
RCRA,95.05703422053232
