Program,Num / 1000
CAA,6.928406466512702
CWA,1339.7190293742017
RCRA,13.307984790874524
