Program,Num / 1000
CAA,138.88888888888889
CWA,273.25581395348837
RCRA,26.897214217098945
