Program,Num / 1000
CAA,111.11111111111111
CWA,377.90697674418607
RCRA,22.094140249759846
