Program,Num / 1000
CAA,858.0060422960725
CWA,398.59154929577466
RCRA,67.98245614035088
