Program,Num / 1000
CAA,57.40181268882175
CWA,1119.718309859155
RCRA,17.54385964912281
