Program,Num / 1000
CAA,336.47798742138366
CWA,433.8942307692308
RCRA,199.50738916256157
