Program,Num / 1000
CAA,106.91823899371069
CWA,326.9230769230769
RCRA,96.05911330049261
