Program,Num / 1000
CAA,63.049853372434015
CWA,58.8235294117647
RCRA,405.1987767584098
