Program,Num / 1000
CAA,14.662756598240469
CWA,1627.450980392157
RCRA,9.174311926605505
