Program,Num / 1000
CAA,1615.3846153846155
CWA,380.53097345132744
RCRA,47.90419161676647
