Program,Num / 1000
CAA,0.0
CWA,1610.6194690265486
RCRA,14.970059880239521
