Program,Num / 1000
CAA,564.9122807017544
CWA,79.92202729044834
RCRA,101.89573459715639
