Program,Num / 1000
CAA,11.695906432748538
CWA,345.02923976608184
RCRA,80.56872037914692
