Program,Num / 1000
CAA,3041.6666666666665
CWA,134.14634146341464
RCRA,18.027571580063626
