Program,Num / 1000
CAA,375.0
CWA,1853.658536585366
RCRA,25.45068928950159
