Program,Num / 1000
CAA,248.1951705252676
CWA,23.39572192513369
RCRA,21.21380846325167
