Program,State,,Facilities,Percent
CAA,MA,,78,1.9417475728155338
CWA,MA,,492,10.962566844919785
RCRA,MA,,354,1.9710467706013364
