Program,Num / 1000
CAA,58.309037900874635
CWA,185.31889290012035
RCRA,70.09345794392523
