Program,Num / 1000
CAA,8.746355685131196
CWA,1119.1335740072202
RCRA,4.672897196261682
