Program,Num / 1000
CAA,122.28260869565217
CWA,270.3962703962704
RCRA,22.357723577235774
