Program,Num / 1000
CAA,48.91304347826087
CWA,347.31934731934734
RCRA,12.195121951219512
