Program,Num / 1000
CAA,323.3830845771144
CWA,114.68812877263582
RCRA,29.886431560071728
