Program,Num / 1000
CAA,19.90049751243781
CWA,273.6418511066398
RCRA,29.886431560071728
