Program,Num / 1000
CAA,424.89270386266094
CWA,8.642419877565718
RCRA,29.62962962962963
