Program,State,CD,Facilities,Percent
CAA,GA,,39,0.9906019812039624
CWA,GA,,2109,4.4059581757787205
RCRA,GA,,105,2.0787962779647593
CAA,GA,4,3,1.2875536480686696
CWA,GA,4,99,3.5649981994958586
RCRA,GA,4,1,0.3703703703703704
