Program,Num / 1000
CAA,17.167381974248926
CWA,408.7144400432121
RCRA,37.03703703703704
