Program,Num / 1000
CAA,111.45510835913312
CWA,47.050561797752806
RCRA,103.79464285714286
