Program,Num / 1000
CAA,250.77399380804954
CWA,877.1067415730337
RCRA,159.59821428571428
