Program,Num / 1000
CAA,288.135593220339
CWA,160.56338028169014
RCRA,37.81979977753059
