Program,Num / 1000
CAA,39.548022598870055
CWA,226.7605633802817
RCRA,21.134593993325918
