Program,Num / 1000
CAA,66.90140845070422
CWA,481.149012567325
RCRA,19.637462235649547
