Program,Num / 1000
CAA,1.7605633802816902
CWA,807.8994614003591
RCRA,5.287009063444109
