Program,Num / 1000
CAA,26.717557251908396
CWA,106.91823899371069
RCRA,14.044943820224718
