Program,Num / 1000
CAA,0.7633587786259542
CWA,808.1761006289308
RCRA,3.745318352059925
