Program,Num / 1000
CAA,468.80570409982175
CWA,486.72566371681415
RCRA,19.97780244173141
