Program,Num / 1000
CAA,23.1729055258467
CWA,5831.858407079646
RCRA,28.85682574916759
