Program,Num / 1000
CAA,158.53658536585365
CWA,73.86363636363636
RCRA,75.31380753138075
