Program,Num / 1000
CAA,24.390243902439025
CWA,566.2878787878788
RCRA,62.76150627615063
