Program,Num / 1000
CAA,461.8473895582329
CWA,352.3131672597865
RCRA,59.347181008902076
