Program,State,CD,Facilities,Percent
CAA,PA,,152,1.7167381974248928
CWA,PA,,2686,13.789208891626881
RCRA,PA,,120,0.523354703650399
CAA,PA,12,7,1.4056224899598393
CWA,PA,12,167,14.857651245551601
RCRA,PA,12,6,0.44510385756676557
