Program,Num / 1000
CAA,52.208835341365464
CWA,834.5195729537367
RCRA,11.127596439169139
