Program,Num / 1000
CAA,200.48899755501222
CWA,220.63492063492063
RCRA,134.5646437994723
