Program,Num / 1000
CAA,19.559902200489
CWA,369.8412698412698
RCRA,92.34828496042216
