Program,Num / 1000
CAA,267.6056338028169
CWA,10.759493670886076
RCRA,53.65853658536585
