Program,Num / 1000
CAA,42.25352112676056
CWA,107.59493670886076
RCRA,17.073170731707318
