Program,Num / 1000
CAA,532.2033898305085
CWA,271.45085803432136
RCRA,14.644351464435147
