Program,State,CD,Facilities,Percent
CAA,ME,,4,0.5361930294906166
CWA,ME,,181,11.753246753246753
RCRA,ME,,33,1.583493282149712
CAA,ME,1,1,0.3389830508474576
CWA,ME,1,59,9.204368174726989
RCRA,ME,1,20,2.092050209205021
