Program,Num / 1000
CAA,3.389830508474576
CWA,483.61934477379094
RCRA,25.10460251046025
