Program,Num / 1000
CAA,826.1964735516373
CWA,97.70491803278688
RCRA,51.886792452830186
