Program,Num / 1000
CAA,37.78337531486146
CWA,786.8852459016393
RCRA,66.0377358490566
