Program,Num / 1000
CAA,33.5195530726257
CWA,125.0
RCRA,43.43105320304017
