Program,State,CD,Facilities,Percent
CAA,IL,,36,0.23637557452396585
CWA,IL,,2067,26.736515327900662
RCRA,IL,,260,1.3121372697451426
CAA,IL,13,3,0.33519553072625696
CWA,IL,13,170,34.274193548387096
RCRA,IL,13,17,1.8458197611292075
