Program,Num / 1000
CAA,5.58659217877095
CWA,4233.870967741936
RCRA,15.20086862106406
