Program,Num / 1000
CAA,111.11111111111111
CWA,246.07329842931938
RCRA,37.403740374037405
