Program,Num / 1000
CAA,0.0
CWA,2303.6649214659687
RCRA,3.3003300330033003
