Program,Num / 1000
CAA,702.8688524590164
CWA,382.25255972696243
RCRA,37.5
