Program,Num / 1000
CAA,73.77049180327869
CWA,1602.9579067121729
RCRA,25.735294117647058
