Program,Num / 1000
CAA,1750.0
CWA,380.95238095238096
RCRA,7.936507936507937
