Program,Num / 1000
CAA,0.0
CWA,666.6666666666666
RCRA,3.9682539682539684
