Program,Num / 1000
CAA,766.4670658682635
CWA,306.3170441001192
RCRA,86.83729433272394
