Program,Num / 1000
CAA,91.81636726546907
CWA,532.777115613826
RCRA,28.3363802559415
