Program,Num / 1000
CAA,223.3644859813084
CWA,512.8032345013477
RCRA,123.31838565022422
