Program,State,,Facilities,Percent
CAA,WV,,7,0.6542056074766356
CWA,WV,,6298,60.627647285329225
RCRA,WV,,63,1.4125560538116593
