Program,Num / 1000
CAA,49.3421052631579
CWA,138.33528722157092
RCRA,104.6831955922865
