Program,Num / 1000
CAA,0.0
CWA,1103.1652989449003
RCRA,13.774104683195592
