Program,Num / 1000
CAA,17.71117166212534
CWA,57.142857142857146
RCRA,3.669724770642202
