Program,State,CD,Facilities,Percent
CAA,MD,,17,0.16624291022882848
CWA,MD,,1254,25.72307692307692
RCRA,MD,,36,0.3287971504246963
CAA,MD,7,0,0.0
CWA,MD,7,78,27.857142857142858
RCRA,MD,7,4,0.3669724770642202
