Program,Num / 1000
CAA,1580.7365439093485
CWA,204.00195217179112
RCRA,102.55061793321062
