Program,State,,Facilities,Percent
CAA,WA,,18,2.5495750708215295
CWA,WA,,2959,72.20595412396291
RCRA,WA,,153,4.02313962661057
