Program,Num / 1000
CAA,229.1220556745182
CWA,17.278617710583152
RCRA,15.455065827132227
