Program,State,CD,Facilities,Percent
CAA,MA,,78,1.9417475728155338
CWA,MA,,492,10.962566844919785
RCRA,MA,,354,1.9710467706013364
CAA,MA,4,3,0.6423982869379015
CWA,MA,4,39,8.423326133909287
RCRA,MA,4,24,1.3737836290784202
