Program,Num / 1000
CAA,6.423982869379015
CWA,526.9978401727861
RCRA,13.16542644533486
