Program,Num / 1000
CAA,1110.6014271151885
CWA,339.8369515434643
RCRA,71.37870855148343
