Program,State,,Facilities,Percent
CAA,AL,,43,2.1916411824668707
CWA,AL,,1209,11.074471008518824
RCRA,AL,,55,0.9598603839441536
