Program,Num / 1000
CAA,110.37527593818984
CWA,204.2833607907743
RCRA,123.09257375381485
