Program,Num / 1000
CAA,2.207505518763797
CWA,1812.1911037891268
RCRA,21.363173957273652
