Program,Num / 1000
CAA,72.14428857715431
CWA,141.01975195222784
RCRA,58.54430379746835
