Program,Num / 1000
CAA,0.0
CWA,3915.9393661001377
RCRA,147.15189873417722
