Program,Num / 1000
CAA,107.57946210268949
CWA,391.30434782608694
RCRA,9.483667017913593
