Program,Num / 1000
CAA,0.0
CWA,4826.086956521739
RCRA,24.236037934668072
