Program,Num / 1000
CAA,400.5037783375315
CWA,271.68458781362006
RCRA,21.794108896161855
