Program,State,,Facilities,Percent
CAA,WI,,30,3.7783375314861463
CWA,WI,,409,29.31899641577061
RCRA,WI,,136,1.0116036893781613
