Program,Num / 1000
CAA,306.3063063063063
CWA,100.177304964539
RCRA,54.77424130273871
