Program,Num / 1000
CAA,186.18618618618618
CWA,614.3617021276596
RCRA,42.19096965210955
