Program,Num / 1000
CAA,1888.659793814433
CWA,121.10960757780785
RCRA,17.531044558071585
