Program,State,,Facilities,Percent
CAA,AK,,24,4.948453608247423
CWA,AK,,861,58.25439783491204
RCRA,AK,,19,1.3878743608473338
