Program,Num / 1000
CAA,173.1958762886598
CWA,8279.431664411366
RCRA,6.574141709276844
