Program,Num / 1000
CAA,148.00389483933787
CWA,436.61971830985914
RCRA,12.620192307692308
