Program,Num / 1000
CAA,3.8948393378773125
CWA,3563.3802816901407
RCRA,16.826923076923077
