Program,Num / 1000
CAA,101.12359550561797
CWA,170.14122394082045
RCRA,39.81042654028436
