Program,State,CD,Facilities,Percent
CAA,MD,,17,0.16624291022882848
CWA,MD,,1254,25.72307692307692
RCRA,MD,,36,0.3287971504246963
CAA,MD,1,2,0.18726591760299627
CWA,MD,1,339,22.797579018157364
RCRA,MD,1,7,0.6635071090047393
