Program,Num / 1000
CAA,1.8726591760299625
CWA,1028.2447881640887
RCRA,12.322274881516588
