Program,Num / 1000
CAA,1.2712693135145707
CWA,799.3846153846154
RCRA,5.753950132432186
