Program,Num / 1000
CAA,988.0597014925373
CWA,72.42757242757243
RCRA,57.04697986577181
