Program,Num / 1000
CAA,29.850746268656717
CWA,510.4895104895105
RCRA,80.53691275167785
