Program,Num / 1000
CAA,733.8074676149353
CWA,27.72264817097374
RCRA,42.565828548802216
