Program,Num / 1000
CAA,354.1666666666667
CWA,37.64921946740129
RCRA,110.21505376344086
