Program,Num / 1000
CAA,62.5
CWA,11.019283746556473
RCRA,2.6881720430107525
