Program,Num / 1000
CAA,1300.8130081300812
CWA,234.66666666666666
RCRA,365.07936507936506
