Program,Num / 1000
CAA,65.04065040650407
CWA,109.33333333333333
RCRA,21.825396825396826
