Program,Num / 1000
CAA,2047.6190476190477
CWA,210.84337349397592
RCRA,84.69055374592834
