Program,Num / 1000
CAA,0.0
CWA,6759.036144578313
RCRA,257.328990228013
