Program,Num / 1000
CAA,164.75095785440612
CWA,262.7118644067797
RCRA,3.8301947015639963
