Program,Num / 1000
CAA,65.13409961685824
CWA,542.3728813559322
RCRA,2.5534631343759973
