Program,Num / 1000
CAA,1215.2641878669276
CWA,179.57746478873239
RCRA,35.24804177545692
