Program,Num / 1000
CAA,9.784735812133073
CWA,707.7464788732394
RCRA,56.13577023498694
