Program,Num / 1000
CAA,65.0
CWA,505.5679287305122
RCRA,10.54590570719603
