Program,Num / 1000
CAA,33.75
CWA,775.0556792873051
RCRA,0.6203473945409429
