Program,Num / 1000
CAA,149.78902953586498
CWA,19.43844492440605
RCRA,8.74485596707819
