Program,State,CD,Facilities,Percent
CAA,MA,,78,1.9417475728155338
CWA,MA,,492,10.962566844919785
RCRA,MA,,354,1.9710467706013364
CAA,MA,8,4,0.8438818565400843
CWA,MA,8,49,10.583153347732182
RCRA,MA,8,14,0.720164609053498
