Program,Num / 1000
CAA,6.329113924050633
CWA,401.7278617710583
RCRA,5.658436213991769
