Program,Num / 1000
CAA,298.7012987012987
CWA,73.08319738988581
RCRA,38.78994876799219
