Program,State,,Facilities,Percent
CAA,OR,,14,4.545454545454546
CWA,OR,,90,2.936378466557912
RCRA,OR,,34,0.8294706025859966
