Program,Num / 1000
CAA,517.2413793103449
CWA,306.7226890756302
RCRA,13.268156424581006
