Program,Num / 1000
CAA,8.620689655172415
CWA,953.781512605042
RCRA,20.949720670391063
