Program,Num / 1000
CAA,340.3880070546737
CWA,247.1157015712559
RCRA,148.59341187785526
