Program,State,,Facilities,Percent
CAA,TN,,35,1.2345679012345678
CWA,TN,,463,5.087353038127678
RCRA,TN,,78,1.8754508295263286
