Program,Num / 1000
CAA,547.0737913486005
CWA,160.33755274261603
RCRA,110.99365750528541
