Program,Num / 1000
CAA,22.900763358778626
CWA,236.28691983122363
RCRA,211.41649048625794
