Program,Num / 1000
CAA,1444.4444444444443
CWA,224.63768115942028
RCRA,41.81184668989547
