Program,Num / 1000
CAA,0.0
CWA,8222.222222222223
RCRA,97.5609756097561
