Program,Num / 1000
CAA,154.98287979816183
CWA,22.262964903090623
RCRA,47.777400746521884
