Program,State,,Facilities,Percent
CAA,TX,,278,5.009911695801046
CWA,TX,,2664,6.977475117862755
RCRA,TX,,369,2.504241601628775
