Program,Num / 1000
CAA,52.63157894736842
CWA,4.5787545787545785
RCRA,49.61832061068702
