Program,Num / 1000
CAA,26.31578947368421
CWA,234.43223443223442
RCRA,137.40458015267177
