Program,Num / 1000
CAA,104.6337817638266
CWA,48.842257597684515
RCRA,19.667170953101362
