Program,Num / 1000
CAA,2.9895366218236172
CWA,1983.3574529667148
RCRA,6.656580937972769
