Program,Num / 1000
CAA,1307.6923076923076
CWA,240.0
RCRA,18.867924528301888
