Program,Num / 1000
CAA,27.027027027027028
CWA,111.9186046511628
RCRA,29.542097488921712
