Program,Num / 1000
CAA,435.48387096774195
CWA,392.22042139384115
RCRA,769.4805194805194
