Program,Num / 1000
CAA,16.129032258064516
CWA,1250.4051863857374
RCRA,266.23376623376623
