Program,Num / 1000
CAA,1350.4672897196263
CWA,308.7447947650208
RCRA,91.75738724727839
