Program,State,CD,Facilities,Percent
CAA,AL,,43,2.1916411824668707
CWA,AL,,1209,11.074471008518824
RCRA,AL,,55,0.9598603839441536
CAA,AL,3,5,2.336448598130841
CWA,AL,3,166,9.875074360499703
RCRA,AL,3,8,1.244167962674961
