Program,Num / 1000
CAA,14.018691588785046
CWA,334.91969066032124
RCRA,74.65007776049767
