Program,Num / 1000
CAA,262.2950819672131
CWA,44.705882352941174
RCRA,22.977022977022976
