Program,Num / 1000
CAA,40.98360655737705
CWA,44.705882352941174
RCRA,28.97102897102897
