Program,Num / 1000
CAA,417.11229946524065
CWA,64.67458043389276
RCRA,73.84341637010677
