Program,State,,Facilities,Percent
CAA,NV,,11,5.88235294117647
CWA,NV,,43,0.880065493246009
RCRA,NV,,37,1.6459074733096084
