Program,Num / 1000
CAA,456.8081991215227
CWA,406.25760896031164
RCRA,827.2408612919379
