Program,State,,Facilities,Percent
CAA,KY,,8,1.171303074670571
CWA,KY,,2073,25.237399561723883
RCRA,KY,,74,3.7055583375062593
