Program,Num / 1000
CAA,16.105417276720353
CWA,1330.7767226686146
RCRA,290.93640460691034
