Program,Num / 1000
CAA,204.46096654275092
CWA,311.7647058823529
RCRA,40.60324825986079
