Program,State,CD,Facilities,Percent
CAA,OH,,51,0.708136628714246
CWA,OH,,1951,52.47444862829478
RCRA,OH,,224,1.1604413821685748
CAA,OH,2,3,1.1152416356877324
CWA,OH,2,88,51.76470588235295
RCRA,OH,2,8,0.9280742459396751
