Program,Num / 1000
CAA,22.304832713754646
CWA,2864.705882352941
RCRA,11.600928074245939
