Program,Num / 1000
CAA,520.2312138728323
CWA,138.88888888888889
RCRA,35.48085901027078
