Program,State,CD,Facilities,Percent
CAA,MI,,99,3.4422809457579975
CWA,MI,,1460,45.06172839506173
RCRA,MI,,468,1.933484817186532
CAA,MI,11,2,1.1560693641618496
CWA,MI,11,52,36.11111111111111
RCRA,MI,11,37,1.727357609710551
