Program,Num / 1000
CAA,28.90173410404624
CWA,3409.722222222222
RCRA,41.08309990662932
