Program,Num / 1000
CAA,33.283470456245325
CWA,260.6888361045131
RCRA,23.126528796975762
