Program,State,,Facilities,Percent
CAA,CT,,21,0.7853403141361256
CWA,CT,,304,18.052256532066508
RCRA,CT,,125,2.779630865021125
