Program,Num / 1000
CAA,537.9008746355685
CWA,127.58620689655173
RCRA,46.434494195688224
