Program,Num / 1000
CAA,10.204081632653061
CWA,434.48275862068965
RCRA,43.117744610281925
