Program,Num / 1000
CAA,257.14285714285717
CWA,147.1861471861472
RCRA,22.22222222222222
