Program,Num / 1000
CAA,85.71428571428571
CWA,2329.004329004329
RCRA,4.678362573099415
