Program,Num / 1000
CAA,304.05405405405406
CWA,21.337126600284495
RCRA,69.10994764397905
