Program,Num / 1000
CAA,168.9189189189189
CWA,78.23613086770982
RCRA,38.7434554973822
