Program,Num / 1000
CAA,1164.9484536082475
CWA,263.7075718015666
RCRA,212.25382932166303
