Program,Num / 1000
CAA,72.16494845360825
CWA,362.9242819843342
RCRA,8.752735229759299
