Program,Num / 1000
CAA,6405.405405405405
CWA,91.6030534351145
RCRA,9.549795361527968
