Program,Num / 1000
CAA,864.8648648648649
CWA,1122.1374045801526
RCRA,5.457025920873124
