Program,Num / 1000
CAA,52.63157894736842
CWA,225.36136662286467
RCRA,124.08759124087591
