Program,Num / 1000
CAA,372.09302325581393
CWA,120.83333333333333
RCRA,53.01204819277108
