Program,Num / 1000
CAA,714.2857142857143
CWA,151.21951219512195
RCRA,64.62585034013605
