Program,Num / 1000
CAA,207.7922077922078
CWA,7873.170731707317
RCRA,193.87755102040816
