Program,Num / 1000
CAA,103.35917312661499
CWA,56.749785038693034
RCRA,12.211668928086839
