Program,State,CD,Facilities,Percent
CAA,LA,,45,0.5092225868507413
CWA,LA,,3977,26.970025769700257
RCRA,LA,,231,1.3316423589093214
CAA,LA,6,5,1.2919896640826873
CWA,LA,6,748,32.158211521926056
RCRA,LA,6,42,1.8995929443690638
