Program,Num / 1000
CAA,2.5839793281653747
CWA,2280.7394668959587
RCRA,6.784260515603799
