Program,Num / 1000
CAA,30.334865397242286
CWA,103.4794981244341
RCRA,28.160484481453445
