Program,Num / 1000
CAA,105.65110565110565
CWA,225.0
RCRA,16.666666666666668
