Program,Num / 1000
CAA,4.914004914004914
CWA,6675.0
RCRA,19.696969696969695
