Program,Num / 1000
CAA,400.6849315068493
CWA,119.0233977619532
RCRA,81.16883116883118
