Program,Num / 1000
CAA,30.82191780821918
CWA,2222.7873855544253
RCRA,118.50649350649351
