Program,Num / 1000
CAA,27.87219578518015
CWA,1712.5375697724346
RCRA,100.0
