Program,Num / 1000
CAA,219.8142414860681
CWA,317.82945736434107
RCRA,38.46153846153846
