Program,State,CD,Facilities,Percent
CAA,OH,,51,0.708136628714246
CWA,OH,,1951,52.47444862829478
RCRA,OH,,224,1.1604413821685748
CAA,OH,1,3,0.9287925696594427
CWA,OH,1,63,48.837209302325576
RCRA,OH,1,7,0.7692307692307693
