Program,Num / 1000
CAA,37.15170278637771
CWA,3147.2868217054265
RCRA,14.285714285714286
