Program,Num / 1000
CAA,1378.9969707169303
CWA,284.24602537337404
RCRA,176.72845691382764
