Program,State,,Facilities,Percent
CAA,NC,,75,2.524402558061259
CWA,NC,,977,15.689738236711095
RCRA,NC,,60,0.751503006012024
