Program,Num / 1000
CAA,344.9781659388646
CWA,299.3630573248408
RCRA,48.59154929577465
