Program,State,CD,Facilities,Percent
CAA,MI,,99,3.4422809457579975
CWA,MI,,1460,45.06172839506173
RCRA,MI,,468,1.933484817186532
CAA,MI,7,11,4.8034934497816595
CWA,MI,7,165,52.547770700636946
RCRA,MI,7,63,4.43661971830986
