Program,Num / 1000
CAA,43.66812227074236
CWA,8614.649681528663
RCRA,78.16901408450704
