Program,Num / 1000
CAA,181.18466898954705
CWA,93.11740890688259
RCRA,19.90521327014218
