Program,Num / 1000
CAA,0.0
CWA,2400.8097165991903
RCRA,28.436018957345972
