Program,Num / 1000
CAA,28.758169934640524
CWA,198.8217967599411
RCRA,33.854166666666664
