Program,Num / 1000
CAA,0.0
CWA,1428.6905754795664
RCRA,51.199261992619924
