Program,Num / 1000
CAA,0.0
CWA,1421.2076583210603
RCRA,37.760416666666664
