Program,Num / 1000
CAA,14.423076923076923
CWA,31.57894736842105
RCRA,8.554319931565441
