Program,State,CD,Facilities,Percent
CAA,IL,,36,0.23637557452396585
CWA,IL,,2067,26.736515327900662
RCRA,IL,,260,1.3121372697451426
CAA,IL,7,0,0.0
CWA,IL,7,21,22.105263157894736
RCRA,IL,7,7,0.5988023952095809
