Program,Num / 1000
CAA,8.012820512820513
CWA,484.2105263157895
RCRA,5.9880239520958085
