Program,Num / 1000
CAA,61.05834464043419
CWA,77.59060745278204
RCRA,439.0563564875491
