Program,Num / 1000
CAA,4.74898236092266
CWA,2569.678407350689
RCRA,28.833551769331585
