Program,Num / 1000
CAA,235.83180987202925
CWA,199.23954372623575
RCRA,142.9731925264013
