Program,Num / 1000
CAA,14.625228519195613
CWA,1673.0038022813687
RCRA,66.61251015434605
