Program,Num / 1000
CAA,12.149532710280374
CWA,1957.5471698113208
RCRA,51.12107623318386
