Program,Num / 1000
CAA,644.9704142011834
CWA,32.87619763291377
RCRA,25.31645569620253
