Program,Num / 1000
CAA,17.75147928994083
CWA,222.99455194439227
RCRA,56.962025316455694
