Program,Num / 1000
CAA,210.3960396039604
CWA,48.25949367088607
RCRA,97.40259740259741
