Program,State,CD,Facilities,Percent
CAA,ID,,4,0.354924578527063
CWA,ID,,342,16.61807580174927
RCRA,ID,,19,1.9
CAA,ID,1,1,0.24752475247524752
CWA,ID,1,201,15.901898734177214
RCRA,ID,1,11,2.380952380952381
