Program,Num / 1000
CAA,4.9504950495049505
CWA,1565.6645569620252
RCRA,12.987012987012987
