Program,Num / 1000
CAA,1166.6666666666667
CWA,371.79487179487177
RCRA,19.393939393939394
