Program,Num / 1000
CAA,0.0
CWA,2217.948717948718
RCRA,7.2727272727272725
