Program,Num / 1000
CAA,468.75
CWA,75.50077041602465
RCRA,60.95110515740121
