Program,State,,Facilities,Percent
CAA,SD,,7,2.734375
CWA,SD,,149,22.95839753466872
RCRA,SD,,3,0.20093770931011384
