Program,Num / 1000
CAA,3.90625
CWA,1288.135593220339
RCRA,2.0093770931011385
