Program,Num / 1000
CAA,815.7894736842105
CWA,376.7647209815699
RCRA,50.98347071394304
