Program,State,,Facilities,Percent
CAA,PA,,152,1.7167381974248928
CWA,PA,,2686,13.789208891626881
RCRA,PA,,120,0.523354703650399
