Program,Num / 1000
CAA,171.6417910447761
CWA,79.1015625
RCRA,34.25414364640884
