Program,State,CD,Facilities,Percent
CAA,FL,,81,2.038248616004026
CWA,FL,,508,2.3938551434899393
RCRA,FL,,192,0.6816729390044735
CAA,FL,16,2,1.4925373134328357
CWA,FL,16,14,1.3671875
RCRA,FL,16,6,0.6629834254143646
