Program,Num / 1000
CAA,34.97735279315551
CWA,183.02624758493945
RCRA,26.34381878861038
