Program,Num / 1000
CAA,29.850746268656717
CWA,198.2421875
RCRA,17.679558011049725
