Program,Num / 1000
CAA,4090.909090909091
CWA,47.16981132075472
RCRA,4.830917874396135
