Program,State,CD,Facilities,Percent
CAA,CA,,185,13.633014001473839
CWA,CA,,1363,12.946428571428573
RCRA,CA,,356,0.288745417383123
CAA,CA,22,6,27.27272727272727
CWA,CA,22,13,12.264150943396226
RCRA,CA,22,1,0.1610305958132045
