Program,Num / 1000
CAA,727.2727272727273
CWA,1301.8867924528302
RCRA,1.6103059581320451
