Program,Num / 1000
CAA,213.67521367521368
CWA,108.83720930232558
RCRA,48.68913857677903
