Program,Num / 1000
CAA,85.47008547008546
CWA,148.8372093023256
RCRA,44.00749063670412
