Program,Num / 1000
CAA,724.6376811594203
CWA,100.45662100456622
RCRA,96.045197740113
