Program,Num / 1000
CAA,289.8550724637681
CWA,9299.847792998478
RCRA,251.41242937853107
