Program,Num / 1000
CAA,689.2307692307693
CWA,298.03921568627453
RCRA,65.30214424951266
