Program,State,CD,Facilities,Percent
CAA,PA,,152,1.7167381974248928
CWA,PA,,2686,13.789208891626881
RCRA,PA,,120,0.523354703650399
CAA,PA,13,9,2.769230769230769
CWA,PA,13,25,9.803921568627452
RCRA,PA,13,6,0.5847953216374269
