Program,Num / 1000
CAA,86.15384615384616
CWA,286.27450980392155
RCRA,43.85964912280702
