Program,Num / 1000
CAA,414.81481481481484
CWA,150.0
RCRA,58.21205821205821
