Program,Num / 1000
CAA,96.29629629629629
CWA,9862.5
RCRA,25.641025641025642
