Program,Num / 1000
CAA,396.03960396039605
CWA,39.86135181975737
RCRA,77.98165137614679
