Program,Num / 1000
CAA,0.0
CWA,363.95147313691507
RCRA,100.91743119266054
