Program,Num / 1000
CAA,210.61359867330017
CWA,654.7619047619048
RCRA,14.184397163120567
