Program,Num / 1000
CAA,8.291873963515755
CWA,4619.047619047619
RCRA,15.602836879432624
