Program,Num / 1000
CAA,1429.4871794871794
CWA,354.1147132169576
RCRA,166.02316602316603
