Program,State,CD,Facilities,Percent
CAA,NC,,75,2.524402558061259
CWA,NC,,977,15.689738236711095
RCRA,NC,,60,0.751503006012024
CAA,NC,8,8,2.564102564102564
CWA,NC,8,71,17.70573566084788
RCRA,NC,8,8,1.5444015444015444
