Program,Num / 1000
CAA,38.46153846153846
CWA,865.3366583541147
RCRA,38.61003861003861
