Program,Num / 1000
CAA,72.02216066481995
CWA,57.47126436781609
RCRA,73.25102880658436
