Program,State,,Facilities,Percent
CAA,DC,,10,2.7700831024930745
CWA,DC,,23,6.609195402298851
RCRA,DC,,62,5.102880658436214
