Program,Num / 1000
CAA,2.770083102493075
CWA,396.55172413793105
RCRA,121.81069958847736
