Program,Num / 1000
CAA,107.14285714285714
CWA,25.833333333333332
RCRA,57.291666666666664
