Program,State,CD,Facilities,Percent
CAA,TX,,278,5.009911695801046
CWA,TX,,2664,6.977475117862755
RCRA,TX,,369,2.504241601628775
CAA,TX,25,1,1.7857142857142856
CWA,TX,25,75,6.25
RCRA,TX,25,3,1.5625
