Program,Num / 1000
CAA,213.13183949973944
CWA,233.10225303292896
RCRA,44.792228818132756
