Program,Num / 1000
CAA,16.675351745700887
CWA,430.67590987868283
RCRA,21.04695089044792
