Program,Num / 1000
CAA,340.59945504087193
CWA,253.22997416020672
RCRA,13.490725126475548
