Program,State,CD,Facilities,Percent
CAA,NY,,23,0.1896437994722955
CWA,NY,,2249,31.1884620718347
RCRA,NY,,249,0.8040038747174685
CAA,NY,20,2,0.544959128065395
CWA,NY,20,130,33.59173126614987
RCRA,NY,20,12,1.0118043844856661
