Program,Num / 1000
CAA,2.7247956403269753
CWA,2844.9612403100773
RCRA,12.647554806070826
