Program,Num / 1000
CAA,369.09871244635195
CWA,243.0406852248394
RCRA,115.70247933884298
