Program,Num / 1000
CAA,35.97883597883598
CWA,352.3788594659928
RCRA,128.87713392642462
