Program,Num / 1000
CAA,42.918454935622314
CWA,650.9635974304068
RCRA,143.25068870523415
