Program,Num / 1000
CAA,219.5121951219512
CWA,52.8
RCRA,17.665130568356375
