Program,State,CD,Facilities,Percent
CAA,FL,,81,2.038248616004026
CWA,FL,,508,2.3938551434899393
RCRA,FL,,192,0.6816729390044735
CAA,FL,20,0,0.0
CWA,FL,20,19,3.04
RCRA,FL,20,7,0.5376344086021506
