Program,Num / 1000
CAA,9.75609756097561
CWA,107.2
RCRA,27.649769585253456
