Program,Num / 1000
CAA,1025.1572327044025
CWA,833.3333333333334
RCRA,61.46926536731634
