Program,State,,Facilities,Percent
CAA,DE,,8,2.515723270440252
CWA,DE,,27,34.61538461538461
RCRA,DE,,21,1.5742128935532234
