Program,Num / 1000
CAA,66.0377358490566
CWA,1051.2820512820513
RCRA,83.20839580209895
