Program,Num / 1000
CAA,386.0182370820669
CWA,159.85790408525756
RCRA,67.15063520871144
