Program,Num / 1000
CAA,0.0
CWA,2822.3801065719363
RCRA,45.37205081669691
