Program,Num / 1000
CAA,30.192131747483987
CWA,281.74386920980925
RCRA,119.15438821268418
