Program,Num / 1000
CAA,410.81081081081084
CWA,109.05730129390018
RCRA,42.83216783216783
