Program,State,CD,Facilities,Percent
CAA,FL,,81,2.038248616004026
CWA,FL,,508,2.3938551434899393
RCRA,FL,,192,0.6816729390044735
CAA,FL,13,3,1.6216216216216217
CWA,FL,13,26,4.805914972273567
RCRA,FL,13,7,0.6118881118881119
