Program,Num / 1000
CAA,43.24324324324324
CWA,365.98890942698705
RCRA,24.475524475524477
