Program,Num / 1000
CAA,923.0769230769231
CWA,150.0
RCRA,40.151926207270755
