Program,Num / 1000
CAA,3923.076923076923
CWA,536.6666666666666
RCRA,30.927835051546392
