Program,Num / 1000
CAA,1640.0
CWA,362.44541484716154
RCRA,58.95522388059702
