Program,Num / 1000
CAA,0.0
CWA,3296.943231441048
RCRA,39.55223880597015
