Program,Num / 1000
CAA,1842.1052631578948
CWA,303.48258706467664
RCRA,1.6286644951140066
