Program,State,CD,Facilities,Percent
CAA,CA,,185,13.633014001473839
CWA,CA,,1363,12.946428571428573
RCRA,CA,,356,0.288745417383123
CAA,CA,42,1,5.263157894736842
CWA,CA,42,19,9.45273631840796
RCRA,CA,42,5,0.8143322475570033
