Program,Num / 1000
CAA,0.0
CWA,1472.636815920398
RCRA,1.6286644951140066
