Program,Num / 1000
CAA,631.578947368421
CWA,187.5
RCRA,31.379025598678776
