Program,Num / 1000
CAA,0.0
CWA,1017.0454545454545
RCRA,7.431874483897605
