Program,Num / 1000
CAA,259.25925925925924
CWA,144.6613088404133
RCRA,46.62698412698413
