Program,State,CD,Facilities,Percent
CAA,FL,,81,2.038248616004026
CWA,FL,,508,2.3938551434899393
RCRA,FL,,192,0.6816729390044735
CAA,FL,1,6,4.444444444444445
CWA,FL,1,22,2.525832376578645
RCRA,FL,1,10,0.992063492063492
