Program,Num / 1000
CAA,96.29629629629629
CWA,378.8748564867968
RCRA,39.682539682539684
