Program,Num / 1000
CAA,182.02247191011236
CWA,187.1345029239766
RCRA,20.181634712411704
