Program,State,CD,Facilities,Percent
CAA,OH,,51,0.708136628714246
CWA,OH,,1951,52.47444862829478
RCRA,OH,,224,1.1604413821685748
CAA,OH,8,2,0.44943820224719105
CWA,OH,8,83,48.53801169590643
RCRA,OH,8,8,0.8072653884964682
