Program,Num / 1000
CAA,13.48314606741573
CWA,2608.187134502924
RCRA,6.054490413723512
