Program,Num / 1000
CAA,1721.311475409836
CWA,524.3770314192849
RCRA,16.617790811339198
