Program,Num / 1000
CAA,74.42963632256607
CWA,796.0880948714
RCRA,19.102446683239567
