Program,Num / 1000
CAA,174.86338797814207
CWA,1185.2654387865655
RCRA,0.9775171065493646
