Program,Num / 1000
CAA,1875.0
CWA,163.55140186915887
RCRA,11.494252873563218
