Program,Num / 1000
CAA,0.0
CWA,925.2336448598131
RCRA,8.045977011494253
