Program,Num / 1000
CAA,447.83715012722644
CWA,650.7936507936508
RCRA,26.490066225165563
