Program,Num / 1000
CAA,0.0
CWA,2605.8201058201057
RCRA,25.54399243140965
