Program,Num / 1000
CAA,53.5279805352798
CWA,333.3333333333333
RCRA,24.745269286754002
