Program,State,CD,Facilities,Percent
CAA,CT,,21,0.7853403141361256
CWA,CT,,304,18.052256532066508
RCRA,CT,,125,2.779630865021125
CAA,CT,2,3,0.7299270072992701
CWA,CT,2,85,26.479750778816197
RCRA,CT,2,23,3.3478893740902476
