Program,Num / 1000
CAA,26.7639902676399
CWA,831.7757009345794
RCRA,16.01164483260553
