Program,Num / 1000
CAA,344.8940269749518
CWA,91.51785714285714
RCRA,78.87700534759358
