Program,Num / 1000
CAA,7.707129094412331
CWA,381.69642857142856
RCRA,62.83422459893048
