Program,Num / 1000
CAA,407.1146245059289
CWA,195.41284403669724
RCRA,113.49693251533742
