Program,Num / 1000
CAA,71.14624505928853
CWA,560.5504587155963
RCRA,95.0920245398773
