Program,Num / 1000
CAA,290.90909090909093
CWA,69.64285714285714
RCRA,20.88167053364269
