Program,State,CD,Facilities,Percent
CAA,OR,,14,4.545454545454546
CWA,OR,,90,2.936378466557912
RCRA,OR,,34,0.8294706025859966
CAA,OR,1,3,5.454545454545454
CWA,OR,1,15,2.6785714285714284
RCRA,OR,1,4,0.46403712296983757
