Program,Num / 1000
CAA,54.54545454545455
CWA,87.5
RCRA,27.842227378190255
