Program,Num / 1000
CAA,257.3529411764706
CWA,183.6734693877551
RCRA,29.051987767584098
