Program,Num / 1000
CAA,2.450980392156863
CWA,673.469387755102
RCRA,10.703363914373089
