Program,Num / 1000
CAA,219.8581560283688
CWA,86.29441624365482
RCRA,31.889290012033694
