Program,State,CD,Facilities,Percent
CAA,KS,,25,0.531236719082023
CWA,KS,,222,3.8561750911933297
RCRA,KS,,91,1.399138991389914
CAA,KS,4,3,0.303951367781155
CWA,KS,4,27,3.4263959390862944
RCRA,KS,4,21,1.263537906137184
