Program,Num / 1000
CAA,14.184397163120567
CWA,162.43654822335026
RCRA,57.16004813477738
