Program,Num / 1000
CAA,43.19478402607987
CWA,16.62049861495845
RCRA,30.98106712564544
