Program,Num / 1000
CAA,1.6299918500407498
CWA,277.9316712834718
RCRA,56.7986230636833
