Program,Num / 1000
CAA,2400.0
CWA,155.08021390374333
RCRA,9.320905459387482
