Program,Num / 1000
CAA,0.0
CWA,1475.9358288770054
RCRA,5.326231691078562
