Program,Num / 1000
CAA,82.1917808219178
CWA,174.8148148148148
RCRA,147.05882352941177
