Program,Num / 1000
CAA,10.273972602739725
CWA,1653.3333333333333
RCRA,18.099547511312217
