Program,Num / 1000
CAA,223.88059701492537
CWA,69.93006993006993
RCRA,24.524831391784183
