Program,Num / 1000
CAA,22.388059701492537
CWA,1986.013986013986
RCRA,22.072348252605764
