Program,Num / 1000
CAA,180.52738336713995
CWA,72.0
RCRA,85.5397148676171
