Program,State,CD,Facilities,Percent
CAA,ID,,4,0.354924578527063
CWA,ID,,342,16.61807580174927
RCRA,ID,,19,1.9
CAA,ID,2,3,0.6085192697768762
CWA,ID,2,140,18.666666666666668
RCRA,ID,2,8,1.6293279022403258
