Program,Num / 1000
CAA,8.113590263691684
CWA,1626.6666666666667
RCRA,20.36659877800407
