Program,Num / 1000
CAA,432.0
CWA,135.13513513513513
RCRA,18.241042345276874
