Program,State,CD,Facilities,Percent
CAA,MI,,99,3.4422809457579975
CWA,MI,,1460,45.06172839506173
RCRA,MI,,468,1.933484817186532
CAA,MI,5,3,2.4
CWA,MI,5,118,53.153153153153156
RCRA,MI,5,29,1.8892508143322475
