Program,Num / 1000
CAA,48.0
CWA,6576.576576576576
RCRA,10.423452768729641
