Program,Num / 1000
CAA,167.5
CWA,47.61904761904762
RCRA,10.632344711807498
