Program,Num / 1000
CAA,7.5
CWA,314.2857142857143
RCRA,6.155567991046446
