Program,Num / 1000
CAA,411.21495327102804
CWA,175.609756097561
RCRA,34.68979319546364
