Program,Num / 1000
CAA,65.42056074766356
CWA,6014.634146341464
RCRA,38.02535023348899
