Program,Num / 1000
CAA,53.19888734353268
CWA,5812.3456790123455
RCRA,28.713075810782897
