Program,Num / 1000
CAA,88.10784785748676
CWA,225.18765638031692
RCRA,35.97785977859779
