Program,State,,Facilities,Percent
CAA,NE,,7,0.16851227732306212
CWA,NE,,334,27.856547122602173
RCRA,NE,,41,1.8911439114391144
