Program,Num / 1000
CAA,73.17073170731707
CWA,25.252525252525253
RCRA,61.06870229007634
