Program,Num / 1000
CAA,12.195121951219512
CWA,422.0779220779221
RCRA,148.85496183206106
