Program,Num / 1000
CAA,182.99445471349352
CWA,185.46365914786966
RCRA,40.242976461655275
