Program,State,CD,Facilities,Percent
CAA,OH,,51,0.708136628714246
CWA,OH,,1951,52.47444862829478
RCRA,OH,,224,1.1604413821685748
CAA,OH,14,0,0.0
CWA,OH,14,222,55.639097744360896
RCRA,OH,14,21,1.5945330296127564
