Program,Num / 1000
CAA,9.242144177449168
CWA,4102.756892230576
RCRA,72.89293849658314
