Program,Num / 1000
CAA,366.07142857142856
CWA,96.6542750929368
RCRA,48.26546003016591
