Program,Num / 1000
CAA,53.57142857142857
CWA,3271.375464684015
RCRA,49.01960784313726
