Program,Num / 1000
CAA,434.42622950819674
CWA,296.91358024691357
RCRA,1009.3457943925233
