Program,Num / 1000
CAA,8.19672131147541
CWA,748.1481481481482
RCRA,545.171339563863
