Program,Num / 1000
CAA,41.95804195804196
CWA,101.37795275590551
RCRA,13.899049012435992
