Program,Num / 1000
CAA,0.0
CWA,182.08661417322836
RCRA,26.335040234089245
