Program,Num / 1000
CAA,1445.839874411303
CWA,322.9125445191927
RCRA,49.235993208828525
