Program,State,CD,Facilities,Percent
CAA,PA,,152,1.7167381974248928
CWA,PA,,2686,13.789208891626881
RCRA,PA,,120,0.523354703650399
CAA,PA,5,11,1.726844583987441
CWA,PA,5,271,10.72417886822319
RCRA,PA,5,3,0.2546689303904924
