Program,Num / 1000
CAA,69.07378335949764
CWA,591.2148793035219
RCRA,19.524617996604416
