Program,Num / 1000
CAA,202.3070097604259
CWA,56.85131195335277
RCRA,88.0
