Program,Num / 1000
CAA,5.323868677905945
CWA,1555.879494655005
RCRA,16.0
