Program,Num / 1000
CAA,61.66219839142091
CWA,154.92957746478874
RCRA,173.4475374732334
