Program,Num / 1000
CAA,2.680965147453083
CWA,1181.5336463223787
RCRA,19.271948608137045
