Program,Num / 1000
CAA,1501.7301038062283
CWA,260.11560693641616
RCRA,110.18363939899832
