Program,State,CD,Facilities,Percent
CAA,NC,,75,2.524402558061259
CWA,NC,,977,15.689738236711095
RCRA,NC,,60,0.751503006012024
CAA,NC,1,10,3.4602076124567476
CWA,NC,1,70,10.115606936416185
RCRA,NC,1,0,0.0
