Program,Num / 1000
CAA,62.28373702422145
CWA,306.35838150289015
RCRA,33.3889816360601
