Program,Num / 1000
CAA,49.48171327987483
CWA,201.43589743589743
RCRA,16.531190063019455
