Program,State,,Facilities,Percent
CAA,MD,,17,0.16624291022882848
CWA,MD,,1254,25.72307692307692
RCRA,MD,,36,0.3287971504246963
