Program,Num / 1000
CAA,223.88059701492537
CWA,279.42794279427943
RCRA,71.08433734939759
