Program,State,,Facilities,Percent
CAA,PR,,3,0.6396588486140725
CWA,PR,,379,41.6941694169417
RCRA,PR,,106,6.385542168674699
