Program,Num / 1000
CAA,10.660980810234541
CWA,8976.897689768977
RCRA,58.433734939759034
