Program,Num / 1000
CAA,318.1818181818182
CWA,59.4679186228482
RCRA,96.24413145539906
