Program,Num / 1000
CAA,117.6470588235294
CWA,36.225951698731066
RCRA,16.459074733096084
