Program,Num / 1000
CAA,227.27272727272728
CWA,31.29890453834116
RCRA,9.389671361502348
