Program,Num / 1000
CAA,345.5497382198953
CWA,188.25422365245373
RCRA,51.19047619047619
