Program,Num / 1000
CAA,230.36649214659687
CWA,1289.6218825422366
RCRA,39.285714285714285
