Program,Num / 1000
CAA,6557.377049180328
CWA,103.77358490566037
RCRA,42.437431991294886
