Program,Num / 1000
CAA,1377.049180327869
CWA,1311.3207547169811
RCRA,41.34929270946681
