Program,Num / 1000
CAA,2000.0
CWA,376.5281173594132
RCRA,28.864059590316575
