Program,Num / 1000
CAA,500.0
CWA,1220.0488997555012
RCRA,7.4487895716946
