Program,Num / 1000
CAA,56.478405315614616
CWA,100.60711188204684
RCRA,125.0
