Program,Num / 1000
CAA,0.0
CWA,1057.2419774501302
RCRA,24.42528735632184
