Program,Num / 1000
CAA,188.88888888888889
CWA,140.625
RCRA,45.76144036009002
