Program,Num / 1000
CAA,30.555555555555557
CWA,1609.375
RCRA,57.014253563390845
