Program,Num / 1000
CAA,551.4018691588785
CWA,8.495752123938031
RCRA,63.559322033898304
