Program,Num / 1000
CAA,34.26791277258567
CWA,378.8105947026487
RCRA,55.08474576271186
