Program,Num / 1000
CAA,248.06201550387595
CWA,215.5388471177945
RCRA,29.044347282948156
