Program,Num / 1000
CAA,0.0
CWA,1887.218045112782
RCRA,51.21798875702686
