Program,Num / 1000
CAA,74.07407407407408
CWA,10.997067448680351
RCRA,48.67256637168141
