Program,Num / 1000
CAA,18.51851851851852
CWA,175.2199413489736
RCRA,101.76991150442478
