Program,Num / 1000
CAA,357.34072022160666
CWA,205.97014925373134
RCRA,41.60475482912333
