Program,Num / 1000
CAA,55.40166204986149
CWA,3728.3582089552237
RCRA,35.661218424962854
