Program,Num / 1000
CAA,118.88111888111888
CWA,37.7906976744186
RCRA,30.726256983240223
