Program,Num / 1000
CAA,13.986013986013987
CWA,428.29457364341084
RCRA,58.659217877094974
