Program,Num / 1000
CAA,261.68224299065423
CWA,98.36065573770492
RCRA,21.40221402214022
