Program,State,CD,Facilities,Percent
CAA,MI,,99,3.4422809457579975
CWA,MI,,1460,45.06172839506173
RCRA,MI,,468,1.933484817186532
CAA,MI,14,3,2.803738317757009
CWA,MI,14,23,37.704918032786885
RCRA,MI,14,14,1.033210332103321
