Program,Num / 1000
CAA,46.728971962616825
CWA,5885.245901639344
RCRA,12.546125461254613
