Program,Num / 1000
CAA,210.25641025641025
CWA,15.105740181268882
RCRA,11.221945137157107
