Program,Num / 1000
CAA,7.6923076923076925
CWA,105.74018126888218
RCRA,16.83291770573566
