Program,Num / 1000
CAA,95.23809523809524
CWA,182.10862619808307
RCRA,104.09745293466224
