Program,Num / 1000
CAA,20.408163265306122
CWA,1258.7859424920127
RCRA,32.11517165005537
