Program,Num / 1000
CAA,915.3225806451613
CWA,40.41983028137562
RCRA,15.625
