Program,Num / 1000
CAA,40.32258064516129
CWA,247.2085752568111
RCRA,15.625
