Program,Num / 1000
CAA,205.4794520547945
CWA,500.0
RCRA,15.94896331738437
