Program,State,CD,Facilities,Percent
CAA,NY,,23,0.1896437994722955
CWA,NY,,2249,31.1884620718347
RCRA,NY,,249,0.8040038747174685
CAA,NY,13,3,0.821917808219178
CWA,NY,13,1,16.666666666666664
RCRA,NY,13,6,0.9569377990430622
