Program,Num / 1000
CAA,8.219178082191782
CWA,11833.333333333334
RCRA,35.08771929824562
