Program,Num / 1000
CAA,501.67224080267556
CWA,22.838499184339316
RCRA,59.83325159391859
