Program,Num / 1000
CAA,11.705685618729097
CWA,308.31973898858075
RCRA,74.05590975968612
