Program,Num / 1000
CAA,112.97071129707113
CWA,43.47826086956522
RCRA,5.520504731861199
