Program,Num / 1000
CAA,33.47280334728033
CWA,86.95652173913044
RCRA,1.840168243953733
