Program,Num / 1000
CAA,655.6291390728477
CWA,589.5522388059702
RCRA,39.39962476547842
