Program,Num / 1000
CAA,3.3112582781456954
CWA,970.1492537313433
RCRA,44.090056285178235
