Program,Num / 1000
CAA,46.15384615384615
CWA,236.60714285714286
RCRA,106.63764961915125
