Program,Num / 1000
CAA,9.23076923076923
CWA,3903.2738095238096
RCRA,43.52557127312296
