Program,Num / 1000
CAA,857.843137254902
CWA,422.8993536472761
RCRA,77.88161993769471
