Program,Num / 1000
CAA,17.83893985728848
CWA,401.20912338554547
RCRA,34.55497382198953
