Program,Num / 1000
CAA,4.901960784313726
CWA,425.66943674976915
RCRA,21.806853582554517
