Program,Num / 1000
CAA,124.24242424242425
CWA,53.39485827290705
RCRA,20.044543429844097
