Program,Num / 1000
CAA,9.090909090909092
CWA,3264.337508239947
RCRA,7.2383073496659245
