Program,Num / 1000
CAA,42.20779220779221
CWA,248.5207100591716
RCRA,20.92511013215859
