Program,State,CD,Facilities,Percent
CAA,MD,,17,0.16624291022882848
CWA,MD,,1254,25.72307692307692
RCRA,MD,,36,0.3287971504246963
CAA,MD,5,1,0.10822510822510822
CWA,MD,5,206,40.63116370808679
RCRA,MD,5,1,0.11013215859030838
