Program,Num / 1000
CAA,3.2467532467532467
CWA,1319.526627218935
RCRA,6.607929515418502
