Program,Num / 1000
CAA,607.6923076923077
CWA,127.09030100334448
RCRA,262.3762376237624
