Program,Num / 1000
CAA,127.24935732647815
CWA,81.87919463087249
RCRA,436.87150837988827
