Program,Num / 1000
CAA,21.85089974293059
CWA,1338.255033557047
RCRA,16.75977653631285
