Program,Num / 1000
CAA,77.10843373493977
CWA,170.0581395348837
RCRA,71.11111111111111
