Program,State,,Facilities,Percent
CAA,ND,,1,0.12048192771084339
CWA,ND,,400,19.379844961240313
RCRA,ND,,27,3.0
