Program,Num / 1000
CAA,0.0
CWA,179.26356589147287
RCRA,55.55555555555556
