Program,Num / 1000
CAA,0.0
CWA,239.74763406940062
RCRA,13.592233009708737
