Program,Num / 1000
CAA,400.0
CWA,1627.7602523659307
RCRA,4.854368932038835
