Program,Num / 1000
CAA,275.3623188405797
CWA,333.3333333333333
RCRA,45.48959136468774
