Program,State,CD,Facilities,Percent
CAA,WI,,30,3.7783375314861463
CWA,WI,,409,29.31899641577061
RCRA,WI,,136,1.0116036893781613
CAA,WI,1,2,2.898550724637681
CWA,WI,1,25,39.682539682539684
RCRA,WI,1,17,1.310717039321511
