Program,Num / 1000
CAA,14.492753623188406
CWA,396.8253968253968
RCRA,77.87201233616037
