Program,Num / 1000
CAA,183.90804597701148
CWA,252.66524520255862
RCRA,26.022304832713754
