Program,Num / 1000
CAA,34.48275862068966
CWA,1002.1321961620469
RCRA,1.858736059479554
