Program,Num / 1000
CAA,230.4964539007092
CWA,204.28189116859946
RCRA,47.70992366412214
