Program,Num / 1000
CAA,56.737588652482266
CWA,629.7948260481713
RCRA,15.267175572519085
