Program,Num / 1000
CAA,1286.2068965517242
CWA,264.67391304347825
RCRA,92.42424242424242
