Program,Num / 1000
CAA,13.793103448275861
CWA,500.0
RCRA,63.63636363636363
