Program,Num / 1000
CAA,208.55317967231323
CWA,224.0451855836471
RCRA,36.57462570584883
