Program,State,,Facilities,Percent
CAA,OH,,51,0.708136628714246
CWA,OH,,1951,52.47444862829478
RCRA,OH,,224,1.1604413821685748
