Program,Num / 1000
CAA,359.2814371257485
CWA,140.0220507166483
RCRA,46.53061224489796
