Program,Num / 1000
CAA,5.9880239520958085
CWA,223.81477398015434
RCRA,55.51020408163265
