Program,Num / 1000
CAA,151.5151515151515
CWA,125.43554006968641
RCRA,40.20100502512563
