Program,Num / 1000
CAA,151.5151515151515
CWA,1404.1811846689895
RCRA,17.08542713567839
