Program,Num / 1000
CAA,1115.062761506276
CWA,439.6284829721362
RCRA,31.73076923076923
