Program,Num / 1000
CAA,81.58995815899581
CWA,716.71826625387
RCRA,12.5
