Program,Num / 1000
CAA,51.68986083499006
CWA,20.833333333333332
RCRA,18.181818181818183
