Program,State,CD,Facilities,Percent
CAA,IL,,36,0.23637557452396585
CWA,IL,,2067,26.736515327900662
RCRA,IL,,260,1.3121372697451426
CAA,IL,4,1,0.19880715705765406
CWA,IL,4,9,18.75
RCRA,IL,4,4,0.5594405594405595
