Program,Num / 1000
CAA,7.952286282306163
CWA,750.0
RCRA,12.587412587412587
