Program,Num / 1000
CAA,241.82184197282336
CWA,95.51859007586825
RCRA,31.633884825676347
