Program,State,,Facilities,Percent
CAA,FL,,81,2.038248616004026
CWA,FL,,508,2.3938551434899393
RCRA,FL,,192,0.6816729390044735
