Program,Num / 1000
CAA,1043.956043956044
CWA,452.2232734153264
RCRA,38.35616438356164
