Program,Num / 1000
CAA,96.15384615384616
CWA,1294.228949858089
RCRA,21.91780821917808
