Program,Num / 1000
CAA,1379.3103448275863
CWA,406.15384615384613
RCRA,33.45070422535211
