Program,Num / 1000
CAA,0.0
CWA,1547.6923076923076
RCRA,29.929577464788732
