Program,Num / 1000
CAA,0.0
CWA,75.63025210084034
RCRA,58.25242718446602
