Program,State,,Facilities,Percent
CAA,GU,,2,5.88235294117647
CWA,GU,,12,10.084033613445378
RCRA,GU,,5,2.4271844660194173
