Program,Num / 1000
CAA,0.0
CWA,2487.3949579831933
RCRA,4.854368932038835
