Program,Num / 1000
CAA,364.1025641025641
CWA,299.96920234062213
RCRA,164.40677966101694
