Program,Num / 1000
CAA,20.512820512820515
CWA,1535.263319987681
RCRA,68.64406779661017
