Program,Num / 1000
CAA,202.29494262643433
CWA,101.78912628104916
RCRA,37.20787207872079
