Program,State,,Facilities,Percent
CAA,KS,,25,0.531236719082023
CWA,KS,,222,3.8561750911933297
RCRA,KS,,91,1.399138991389914
