Program,Num / 1000
CAA,917.7215189873418
CWA,25.324675324675326
RCRA,55.55555555555556
