Program,Num / 1000
CAA,31.645569620253166
CWA,296.75324675324674
RCRA,44.44444444444444
