Program,Num / 1000
CAA,625.7309941520468
CWA,220.1834862385321
RCRA,61.64874551971326
