Program,Num / 1000
CAA,157.89473684210526
CWA,6608.5626911314985
RCRA,24.372759856630825
