Program,Num / 1000
CAA,324.7232472324723
CWA,145.52238805970148
RCRA,48.11372334609076
