Program,Num / 1000
CAA,44.28044280442804
CWA,4675.373134328358
RCRA,24.05686167304538
