Program,Num / 1000
CAA,148.4375
CWA,18.617021276595743
RCRA,20.15355086372361
