Program,Num / 1000
CAA,39.0625
CWA,31.914893617021278
RCRA,22.072936660268713
