Program,Num / 1000
CAA,703.3248081841432
CWA,152.65700483091788
RCRA,133.81555153707052
