Program,State,CD,Facilities,Percent
CAA,TN,,35,1.2345679012345678
CWA,TN,,463,5.087353038127678
RCRA,TN,,78,1.8754508295263286
CAA,TN,5,0,0.0
CWA,TN,5,24,2.318840579710145
RCRA,TN,5,12,2.1699819168173597
