Program,Num / 1000
CAA,10.230179028132993
CWA,134.29951690821255
RCRA,122.96564195298373
