Program,Num / 1000
CAA,22.834116856950974
CWA,215.28662420382165
RCRA,51.66475315729047
