Program,State,CD,Facilities,Percent
CAA,IL,,36,0.23637557452396585
CWA,IL,,2067,26.736515327900662
RCRA,IL,,260,1.3121372697451426
CAA,IL,15,2,0.1343183344526528
CWA,IL,15,350,44.5859872611465
RCRA,IL,15,24,2.755453501722158
