Program,Num / 1000
CAA,10.073875083948959
CWA,4798.726114649681
RCRA,20.66590126291619
