Program,Num / 1000
CAA,25.3613999492772
CWA,103.44827586206897
RCRA,386.013986013986
