Program,Num / 1000
CAA,6.847577986304844
CWA,1709.9669343410487
RCRA,19.58041958041958
