Program,Num / 1000
CAA,51.75038051750381
CWA,88.40579710144928
RCRA,44.48246364414029
