Program,Num / 1000
CAA,20.54794520547945
CWA,3968.1159420289855
RCRA,33.361847733105215
