Program,Num / 1000
CAA,22.085889570552148
CWA,32.591414944356124
RCRA,49.01960784313726
