Program,Num / 1000
CAA,1.2269938650306749
CWA,824.3243243243244
RCRA,37.81512605042017
