Program,Num / 1000
CAA,20.391517128874387
CWA,22.623051054723327
RCRA,46.27539503386004
