Program,State,,Facilities,Percent
CAA,NM,,7,0.14274061990212072
CWA,NM,,416,12.717823295628246
RCRA,NM,,37,1.3920240782543265
