Program,Num / 1000
CAA,0.6117455138662317
CWA,440.23234484867015
RCRA,58.314522197140704
