Program,Num / 1000
CAA,165.04854368932038
CWA,168.69095816464238
RCRA,27.491408934707902
