Program,Num / 1000
CAA,29.12621359223301
CWA,226.72064777327935
RCRA,14.891179839633448
