Program,Num / 1000
CAA,65.83953680727875
CWA,151.20147874306838
RCRA,131.78228021978023
