Program,State,,Facilities,Percent
CAA,NJ,,16,0.26468155500413565
CWA,NJ,,2206,20.388170055452864
RCRA,NJ,,276,2.3695054945054945
