Program,Num / 1000
CAA,209.18367346938774
CWA,282.5112107623318
RCRA,47.1441523118767
