Program,Num / 1000
CAA,20.408163265306122
CWA,3313.9013452914796
RCRA,35.35811423390752
