Program,Num / 1000
CAA,56.0
CWA,2.982107355864811
RCRA,24.719101123595507
