Program,Num / 1000
CAA,8.0
CWA,3.9761431411530817
RCRA,22.471910112359552
