Program,Num / 1000
CAA,102.40963855421687
CWA,171.0758377425044
RCRA,55.55555555555556
