Program,State,,Facilities,Percent
CAA,RI,,2,0.4016064257028112
CWA,RI,,91,16.049382716049383
RCRA,RI,,74,2.309612983770287
