Program,Num / 1000
CAA,363.6363636363636
CWA,162.16216216216216
RCRA,53.97727272727273
