Program,State,CD,Facilities,Percent
CAA,AZ,,5,1.25
CWA,AZ,,84,10.5
RCRA,AZ,,39,0.9215500945179583
CAA,AZ,2,1,4.545454545454546
CWA,AZ,2,2,5.405405405405405
RCRA,AZ,2,1,0.2840909090909091
