Program,Num / 1000
CAA,0.0
CWA,2189.189189189189
RCRA,5.681818181818182
