Program,Num / 1000
CAA,363.6363636363636
CWA,6.54711073156846
RCRA,37.878787878787875
