Program,Num / 1000
CAA,4.545454545454546
CWA,124.6797608881298
RCRA,47.97979797979798
