Program,Num / 1000
CAA,139.0374331550802
CWA,337.5
RCRA,19.584802193497847
