Program,State,CD,Facilities,Percent
CAA,MN,,37,1.7900338655055636
CWA,MN,,179,11.00861008610086
RCRA,MN,,137,0.5547681716946751
CAA,MN,6,3,1.6042780748663104
CWA,MN,6,10,12.5
RCRA,MN,6,16,0.626713670191931
