Program,Num / 1000
CAA,32.0855614973262
CWA,1212.5
RCRA,12.142577359968664
