Program,Num / 1000
CAA,175.82417582417582
CWA,41.666666666666664
RCRA,29.78723404255319
