Program,State,CD,Facilities,Percent
CAA,PA,,152,1.7167381974248928
CWA,PA,,2686,13.789208891626881
RCRA,PA,,120,0.523354703650399
CAA,PA,2,4,2.197802197802198
CWA,PA,2,3,2.5
RCRA,PA,2,1,0.14184397163120568
