Program,Num / 1000
CAA,60.43956043956044
CWA,116.66666666666667
RCRA,8.51063829787234
