Program,Num / 1000
CAA,963.5036496350365
CWA,33.05621536025337
RCRA,31.60919540229885
