Program,Num / 1000
CAA,21.8978102189781
CWA,193.98258115597784
RCRA,54.59770114942529
