Program,Num / 1000
CAA,2030.3030303030303
CWA,179.64071856287424
RCRA,18.89763779527559
