Program,Num / 1000
CAA,60.60606060606061
CWA,1808.3832335329341
RCRA,11.023622047244094
