Program,Num / 1000
CAA,550.9701262704034
CWA,167.06186678163397
RCRA,58.92877110589288
