Program,State,,Facilities,Percent
CAA,VA,,31,0.47736372035725283
CWA,VA,,632,13.623625781418408
RCRA,VA,,127,1.4201051101420106
