Program,Num / 1000
CAA,115.59139784946237
CWA,271.36752136752136
RCRA,19.975540154912352
