Program,Num / 1000
CAA,47.8955007256894
CWA,527.6752767527676
RCRA,5.507187689815752
