Program,Num / 1000
CAA,45.69892473118279
CWA,641.025641025641
RCRA,11.0069302894415
