Program,Num / 1000
CAA,1947.3684210526317
CWA,265.06024096385545
RCRA,18.730489073881373
