Program,Num / 1000
CAA,0.0
CWA,2030.120481927711
RCRA,11.446409989594173
