Program,Num / 1000
CAA,739.7504456327986
CWA,185.0949829517779
RCRA,48.627450980392155
