Program,State,CD,Facilities,Percent
CAA,PA,,152,1.7167381974248928
CWA,PA,,2686,13.789208891626881
RCRA,PA,,120,0.523354703650399
CAA,PA,3,9,1.6042780748663104
CWA,PA,3,210,10.228933268387726
RCRA,PA,3,9,0.7058823529411765
