Program,Num / 1000
CAA,62.38859180035651
CWA,520.2143205065757
RCRA,23.529411764705884
