Program,Num / 1000
CAA,1751.0917030567687
CWA,285.012285012285
RCRA,119.79166666666667
