Program,State,CD,Facilities,Percent
CAA,NC,,75,2.524402558061259
CWA,NC,,977,15.689738236711095
RCRA,NC,,60,0.751503006012024
CAA,NC,7,6,2.6200873362445414
CWA,NC,7,86,21.13022113022113
RCRA,NC,7,2,0.5208333333333333
