Program,Num / 1000
CAA,48.03493449781659
CWA,584.7665847665847
RCRA,13.020833333333334
