Program,Num / 1000
CAA,52.507573207674184
CWA,500.2408864621808
RCRA,25.67635270541082
