Program,Num / 1000
CAA,76.92307692307692
CWA,10.526315789473685
RCRA,35.714285714285715
