Program,State,CD,Facilities,Percent
CAA,TX,,278,5.009911695801046
CWA,TX,,2664,6.977475117862755
RCRA,TX,,369,2.504241601628775
CAA,TX,31,2,3.8461538461538463
CWA,TX,31,50,3.289473684210526
RCRA,TX,31,6,2.380952380952381
