Program,Num / 1000
CAA,0.0
CWA,166.44736842105263
RCRA,79.36507936507937
