Program,Num / 1000
CAA,1217.948717948718
CWA,351.5151515151515
RCRA,139.63328631875882
