Program,Num / 1000
CAA,38.46153846153846
CWA,686.8686868686868
RCRA,57.82792665726375
