Program,Num / 1000
CAA,118.18181818181819
CWA,6.233303650934996
RCRA,55.851063829787236
