Program,Num / 1000
CAA,54.54545454545455
CWA,193.23241317898487
RCRA,188.82978723404256
