Program,Num / 1000
CAA,90.9090909090909
CWA,11.342155009451796
RCRA,24.59016393442623
