Program,Num / 1000
CAA,12.987012987012987
CWA,74.66918714555766
RCRA,16.39344262295082
