Program,Num / 1000
CAA,123.35329341317366
CWA,82.23201174743025
RCRA,334.0040241448692
