Program,Num / 1000
CAA,7.4542463499897185
CWA,1692.6829268292684
RCRA,20.480107436629176
