Program,Num / 1000
CAA,20.35928143712575
CWA,1709.2511013215858
RCRA,32.19315895372233
