Program,Num / 1000
CAA,325.05399568034557
CWA,135.22066370167636
RCRA,55.05114354671877
