Program,State,,Facilities,Percent
CAA,IN,,160,8.639308855291576
CWA,IN,,912,7.800205268559698
RCRA,IN,,190,2.183657050913688
