Program,Num / 1000
CAA,509.3333333333333
CWA,199.2753623188406
RCRA,61.806656101426306
