Program,Num / 1000
CAA,24.0
CWA,1409.4202898550725
RCRA,90.33280507131538
