Program,Num / 1000
CAA,33.92568659127625
CWA,356.7073170731707
RCRA,30.511811023622048
