Program,State,CD,Facilities,Percent
CAA,CT,,21,0.7853403141361256
CWA,CT,,304,18.052256532066508
RCRA,CT,,125,2.779630865021125
CAA,CT,1,2,0.32310177705977383
CWA,CT,1,57,17.378048780487802
RCRA,CT,1,22,2.1653543307086616
