Program,Num / 1000
CAA,16.15508885298869
CWA,466.4634146341463
RCRA,22.637795275590552
