Program,Num / 1000
CAA,163.17016317016316
CWA,314.68531468531467
RCRA,47.5020475020475
