Program,State,CD,Facilities,Percent
CAA,OH,,51,0.708136628714246
CWA,OH,,1951,52.47444862829478
RCRA,OH,,224,1.1604413821685748
CAA,OH,9,4,0.9324009324009324
CWA,OH,9,65,45.45454545454545
RCRA,OH,9,14,1.1466011466011465
