Program,Num / 1000
CAA,44.28904428904429
CWA,2419.5804195804194
RCRA,28.665028665028665
