Program,Num / 1000
CAA,793.1873479318734
CWA,301.93548387096774
RCRA,21.09300095877277
