Program,Num / 1000
CAA,2.4330900243309004
CWA,3336.7741935483873
RCRA,17.25790987535954
