Program,Num / 1000
CAA,206.47773279352228
CWA,135.3711790393013
RCRA,27.77777777777778
