Program,Num / 1000
CAA,28.880866425992778
CWA,3579.8816568047337
RCRA,32.119359685023056
