Program,Num / 1000
CAA,28.34008097165992
CWA,4528.384279475982
RCRA,25.862068965517242
