Program,Num / 1000
CAA,25.925925925925927
CWA,130.3680981595092
RCRA,31.496062992125985
