Program,Num / 1000
CAA,9.25925925925926
CWA,5240.79754601227
RCRA,15.748031496062993
