Program,Num / 1000
CAA,553.4591194968554
CWA,480.40638606676345
RCRA,806.7226890756302
