Program,Num / 1000
CAA,0.0
CWA,1703.1930333817127
RCRA,156.86274509803923
