Program,Num / 1000
CAA,94.66019417475728
CWA,55.40661304736372
RCRA,14.299802761341223
