Program,Num / 1000
CAA,0.0
CWA,3615.7283288650583
RCRA,0.9861932938856016
