Program,Num / 1000
CAA,186.52849740932643
CWA,43.699186991869915
RCRA,125.0
