Program,Num / 1000
CAA,44.512524779239506
CWA,320.9009952854898
RCRA,80.89582626399728
