Program,Num / 1000
CAA,72.53886010362694
CWA,807.9268292682926
RCRA,202.27272727272728
