Program,Num / 1000
CAA,72.72727272727273
CWA,25.16778523489933
RCRA,30.76923076923077
