Program,Num / 1000
CAA,54.54545454545455
CWA,192.95302013422818
RCRA,69.23076923076923
