Program,Num / 1000
CAA,112.2112211221122
CWA,13.623978201634877
RCRA,11.692650334075724
