Program,Num / 1000
CAA,6.600660066006601
CWA,376.0217983651226
RCRA,10.579064587973274
