Program,Num / 1000
CAA,8.712969878018422
CWA,413.9928698752228
RCRA,22.216035634743875
