Program,Num / 1000
CAA,24.096385542168676
CWA,6.238859180035651
RCRA,42.61363636363637
