Program,Num / 1000
CAA,12.048192771084338
CWA,54.367201426024955
RCRA,62.5
