Program,Num / 1000
CAA,349.5145631067961
CWA,421.7687074829932
RCRA,1011.8343195266273
