Program,Num / 1000
CAA,19.41747572815534
CWA,1370.262390670554
RCRA,301.7751479289941
