Program,Num / 1000
CAA,94.0677966101695
CWA,73.20540156361052
RCRA,18.434782608695652
