Program,State,,Facilities,Percent
CAA,NH,,3,0.2542372881355932
CWA,NH,,172,12.224591329068941
RCRA,NH,,25,0.8695652173913043
