Program,Num / 1000
CAA,225.41436464088397
CWA,106.24315443592552
RCRA,42.23107569721115
