Program,Num / 1000
CAA,17.84955376115597
CWA,192.11394823692896
RCRA,49.20049200492005
