Program,Num / 1000
CAA,23.204419889502763
CWA,415.11500547645124
RCRA,110.75697211155378
