Program,Num / 1000
CAA,56.70103092783505
CWA,33.83705650459921
RCRA,14.482758620689655
