Program,Num / 1000
CAA,0.0
CWA,1460.5781865965835
RCRA,7.931034482758621
