Program,Num / 1000
CAA,476.1904761904762
CWA,168.67469879518072
RCRA,60.869565217391305
