Program,Num / 1000
CAA,571.4285714285714
CWA,385.5421686746988
RCRA,14.492753623188406
