Program,Num / 1000
CAA,65.75342465753425
CWA,70.57416267942584
RCRA,396.1708394698085
