Program,Num / 1000
CAA,13.698630136986301
CWA,462.91866028708137
RCRA,26.50957290132548
