Program,Num / 1000
CAA,704.0816326530612
CWA,187.69230769230768
RCRA,96.96261682242991
