Program,Num / 1000
CAA,40.816326530612244
CWA,1320.0
RCRA,89.95327102803738
