Program,Num / 1000
CAA,255.4112554112554
CWA,221.8430034129693
RCRA,42.4857324032974
