Program,Num / 1000
CAA,38.96103896103896
CWA,7286.6894197952215
RCRA,44.388078630310716
