Program,Num / 1000
CAA,70.78039927404718
CWA,229.8136645962733
RCRA,21.394064872325742
