Program,Num / 1000
CAA,19.96370235934664
CWA,2864.9068322981366
RCRA,25.534851621808144
