Program,Num / 1000
CAA,9.567297238530115
CWA,3869.9095022624433
RCRA,41.32885109748863
