Program,Num / 1000
CAA,160.0
CWA,24.822695035460992
RCRA,67.41573033707866
