Program,Num / 1000
CAA,16.0
CWA,401.59574468085106
RCRA,25.280898876404493
