Program,Num / 1000
CAA,173.91304347826087
CWA,46.76258992805755
RCRA,25.252525252525253
