Program,Num / 1000
CAA,21.73913043478261
CWA,97.12230215827338
RCRA,22.22222222222222
