Program,Num / 1000
CAA,503.34075723830733
CWA,178.16091954022988
RCRA,25.356576862123614
