Program,State,CD,Facilities,Percent
CAA,VA,,31,0.47736372035725283
CWA,VA,,632,13.623625781418408
RCRA,VA,,127,1.4201051101420106
CAA,VA,7,3,0.6681514476614699
CWA,VA,7,43,12.35632183908046
RCRA,VA,7,11,1.7432646592709984
