Program,Num / 1000
CAA,2.2271714922048997
CWA,339.08045977011494
RCRA,38.03486529318542
