Program,Num / 1000
CAA,81.9327731092437
CWA,168.76122082585277
RCRA,296.248382923674
