Program,Num / 1000
CAA,16.80672268907563
CWA,1461.4003590664272
RCRA,36.222509702457955
