Program,Num / 1000
CAA,123.79110251450678
CWA,68.96551724137932
RCRA,51.68269230769231
