Program,Num / 1000
CAA,0.0
CWA,844.8275862068965
RCRA,61.29807692307692
