Program,Num / 1000
CAA,170.73170731707316
CWA,62.22222222222222
RCRA,14.814814814814815
