Program,Num / 1000
CAA,8.130081300813009
CWA,62.22222222222222
RCRA,20.987654320987655
