Program,Num / 1000
CAA,3252.8735632183907
CWA,275.70093457943926
RCRA,115.67164179104478
