Program,Num / 1000
CAA,11.494252873563218
CWA,10785.046728971962
RCRA,244.40298507462686
