Program,Num / 1000
CAA,41.37931034482759
CWA,6.435006435006435
RCRA,13.477088948787062
