Program,Num / 1000
CAA,6.896551724137931
CWA,51.48005148005148
RCRA,59.299191374663074
