Program,Num / 1000
CAA,156.25
CWA,148.14814814814815
RCRA,21.27659574468085
