Program,Num / 1000
CAA,31.25
CWA,4288.888888888889
RCRA,6.546644844517185
