Program,Num / 1000
CAA,756.3451776649746
CWA,169.23076923076923
RCRA,66.0377358490566
