Program,Num / 1000
CAA,5.0761421319796955
CWA,643.0769230769231
RCRA,55.0314465408805
