Program,Num / 1000
CAA,286.61087866108784
CWA,166.015625
RCRA,31.431897555296857
