Program,State,CD,Facilities,Percent
CAA,NY,,23,0.1896437994722955
CWA,NY,,2249,31.1884620718347
RCRA,NY,,249,0.8040038747174685
CAA,NY,18,2,0.41841004184100417
CWA,NY,18,188,36.71875
RCRA,NY,18,9,1.0477299185098952
