Program,Num / 1000
CAA,1676.923076923077
CWA,303.3707865168539
RCRA,78.86435331230284
