Program,Num / 1000
CAA,61.53846153846154
CWA,6464.419475655431
RCRA,208.2018927444795
