Program,Num / 1000
CAA,277.5590551181102
CWA,31.963470319634702
RCRA,35.416666666666664
