Program,Num / 1000
CAA,7.874015748031496
CWA,904.1095890410959
RCRA,32.291666666666664
