Program,Num / 1000
CAA,375.0
CWA,283.0188679245283
RCRA,20.27027027027027
