Program,Num / 1000
CAA,125.0
CWA,801.8867924528302
RCRA,25.675675675675677
