Program,Num / 1000
CAA,9.066183136899365
CWA,18.055555555555557
RCRA,63.98348813209494
