Program,Num / 1000
CAA,0.0
CWA,136.11111111111111
RCRA,86.687306501548
