Program,Num / 1000
CAA,163.74269005847952
CWA,227.27272727272728
RCRA,22.84843869002285
