Program,State,CD,Facilities,Percent
CAA,OH,,51,0.708136628714246
CWA,OH,,1951,52.47444862829478
RCRA,OH,,224,1.1604413821685748
CAA,OH,3,5,2.923976608187134
CWA,OH,3,16,36.36363636363637
RCRA,OH,3,8,0.6092916984006093
