Program,Num / 1000
CAA,52.63157894736842
CWA,1159.090909090909
RCRA,19.04036557501904
