Program,Num / 1000
CAA,270.27027027027026
CWA,36.58536585365854
RCRA,52.26480836236934
