Program,Num / 1000
CAA,0.0
CWA,73.59125315391086
RCRA,6.968641114982578
