Program,Num / 1000
CAA,448.6743711760707
CWA,137.18334048948046
RCRA,105.62248995983936
