Program,State,,Facilities,Percent
CAA,AR,,34,2.311352821210061
CWA,AR,,867,18.613138686131386
RCRA,AR,,39,1.566265060240964
