Program,Num / 1000
CAA,445.94594594594594
CWA,107.75862068965517
RCRA,45.70184983677911
