Program,State,CD,Facilities,Percent
CAA,NY,,23,0.1896437994722955
CWA,NY,,2249,31.1884620718347
RCRA,NY,,249,0.8040038747174685
CAA,NY,25,0,0.0
CWA,NY,25,42,18.103448275862068
RCRA,NY,25,7,0.7616974972796519
