Program,Num / 1000
CAA,0.0
CWA,1439.655172413793
RCRA,30.46789989118607
