Program,Num / 1000
CAA,300.0
CWA,103.84068278805121
RCRA,59.50653120464441
