Program,Num / 1000
CAA,55.55555555555556
CWA,224.75106685633003
RCRA,43.54136429608128
