Program,Num / 1000
CAA,45.45454545454545
CWA,179.4453507340946
RCRA,31.471090509880458
