Program,Num / 1000
CAA,767.2413793103449
CWA,360.5263157894737
RCRA,11.890606420927467
