Program,State,CD,Facilities,Percent
CAA,ME,,4,0.5361930294906166
CWA,ME,,181,11.753246753246753
RCRA,ME,,33,1.583493282149712
CAA,ME,2,3,0.8620689655172413
CWA,ME,2,110,14.473684210526317
RCRA,ME,2,13,1.5457788347205708
