Program,Num / 1000
CAA,1.3404825737265416
CWA,542.8571428571429
RCRA,27.83109404990403
