Program,Num / 1000
CAA,0.0
CWA,653.9473684210526
RCRA,40.428061831153386
