Program,Num / 1000
CAA,285.7142857142857
CWA,27.35229759299781
RCRA,42.857142857142854
