Program,Num / 1000
CAA,71.42857142857143
CWA,320.5689277899344
RCRA,17.857142857142858
