Program,Num / 1000
CAA,225.92259225922592
CWA,231.2925170068027
RCRA,41.00946372239748
