Program,Num / 1000
CAA,0.0
CWA,1546.485260770975
RCRA,100.94637223974763
