Program,Num / 1000
CAA,26.622296173044926
CWA,70.71960297766749
RCRA,70.21063189568706
