Program,Num / 1000
CAA,1.663893510815308
CWA,1344.9131513647642
RCRA,101.30391173520562
