Program,Num / 1000
CAA,124.0506329113924
CWA,181.8181818181818
RCRA,27.096774193548388
