Program,State,CD,Facilities,Percent
CAA,NY,,23,0.1896437994722955
CWA,NY,,2249,31.1884620718347
RCRA,NY,,249,0.8040038747174685
CAA,NY,4,1,0.25316455696202533
CWA,NY,4,32,32.323232323232325
RCRA,NY,4,14,1.806451612903226
