Program,Num / 1000
CAA,0.0
CWA,3404.040404040404
RCRA,38.70967741935484
