Program,State,CD,Facilities,Percent
CAA,NY,,23,0.1896437994722955
CWA,NY,,2249,31.1884620718347
RCRA,NY,,249,0.8040038747174685
CAA,NY,16,0,0.0
CWA,NY,16,37,36.27450980392157
RCRA,NY,16,2,0.2398081534772182
