Program,Num / 1000
CAA,0.0
CWA,3882.3529411764707
RCRA,14.388489208633093
