Program,Num / 1000
CAA,234.5679012345679
CWA,213.90374331550802
RCRA,51.85909980430528
