Program,Num / 1000
CAA,41.1522633744856
CWA,2949.1978609625667
RCRA,79.2563600782779
