Program,Num / 1000
CAA,1428.5714285714287
CWA,74.49856733524355
RCRA,18.774703557312254
