Program,Num / 1000
CAA,7642.857142857143
CWA,753.5816618911175
RCRA,8.893280632411066
