Program,Num / 1000
CAA,126.98412698412699
CWA,1130.3234069804676
RCRA,109.8546042003231
