Program,Num / 1000
CAA,3.9682539682539684
CWA,2577.3294908741595
RCRA,42.003231017770595
