Program,Num / 1000
CAA,16.296296296296298
CWA,73.91304347826087
RCRA,30.612244897959183
