Program,State,CD,Facilities,Percent
CAA,IL,,36,0.23637557452396585
CWA,IL,,2067,26.736515327900662
RCRA,IL,,260,1.3121372697451426
CAA,IL,6,0,0.0
CWA,IL,6,41,17.82608695652174
RCRA,IL,6,5,0.463821892393321
