Program,Num / 1000
CAA,7.407407407407407
CWA,1782.608695652174
RCRA,2.782931354359926
