Program,Num / 1000
CAA,53.57142857142857
CWA,10.262257696693272
RCRA,25.723472668810288
