Program,Num / 1000
CAA,35.714285714285715
CWA,91.22006841505132
RCRA,80.38585209003216
