Program,Num / 1000
CAA,43.13181163890602
CWA,92.57206208425721
RCRA,397.8512674164848
