Program,State,,Facilities,Percent
CAA,CO,,54,0.27760641579272055
CWA,CO,,1834,20.33259423503326
RCRA,CO,,51,0.8561356387443344
