Program,Num / 1000
CAA,162.8614916286149
CWA,259.61538461538464
RCRA,34.21000593237097
