Program,State,,Facilities,Percent
CAA,IA,,12,0.2609262883235486
CWA,IA,,1019,57.635746606334834
RCRA,IA,,122,2.412497528178762
