Program,Num / 1000
CAA,555.1601423487544
CWA,138.0753138075314
RCRA,45.03753127606338
