Program,Num / 1000
CAA,0.0
CWA,2571.1297071129707
RCRA,14.178482068390325
