Program,Num / 1000
CAA,209.0909090909091
CWA,113.97557666214382
RCRA,15.313935681470138
