Program,Num / 1000
CAA,27.272727272727273
CWA,161.4654002713704
RCRA,16.84532924961715
