Program,Num / 1000
CAA,378.0487804878049
CWA,99.14320685434517
RCRA,51.975051975051976
