Program,Num / 1000
CAA,0.0
CWA,75.8873929008568
RCRA,31.185031185031185
