Program,Num / 1000
CAA,133.33333333333334
CWA,51.7515923566879
RCRA,25.806451612903224
