Program,Num / 1000
CAA,19.047619047619047
CWA,958.5987261146497
RCRA,61.29032258064516
