Program,Num / 1000
CAA,435.18518518518516
CWA,330.61224489795916
RCRA,28.314917127071823
