Program,State,CD,Facilities,Percent
CAA,WI,,30,3.7783375314861463
CWA,WI,,409,29.31899641577061
RCRA,WI,,136,1.0116036893781613
CAA,WI,8,2,1.8518518518518516
CWA,WI,8,50,20.408163265306122
RCRA,WI,8,19,1.3121546961325967
