Program,Num / 1000
CAA,0.0
CWA,514.2857142857143
RCRA,58.70165745856354
