Program,Num / 1000
CAA,74.07407407407408
CWA,41.666666666666664
RCRA,51.59332321699545
