Program,State,CD,Facilities,Percent
CAA,AZ,,5,1.25
CWA,AZ,,84,10.5
RCRA,AZ,,39,0.9215500945179583
CAA,AZ,9,0,0.0
CWA,AZ,9,4,16.666666666666664
RCRA,AZ,9,3,0.4552352048558422
