Program,Num / 1000
CAA,360.69651741293535
CWA,133.58070500927644
RCRA,47.794117647058826
