Program,State,CD,Facilities,Percent
CAA,NY,,23,0.1896437994722955
CWA,NY,,2249,31.1884620718347
RCRA,NY,,249,0.8040038747174685
CAA,NY,22,1,0.24875621890547264
CWA,NY,22,168,31.16883116883117
RCRA,NY,22,9,0.8272058823529412
