Program,Num / 1000
CAA,2.487562189054726
CWA,2456.4007421150277
RCRA,22.058823529411764
