Program,Num / 1000
CAA,349.62406015037595
CWA,44.868591985610074
RCRA,77.0
