Program,State,,Facilities,Percent
CAA,UT,,8,1.5037593984962405
CWA,UT,,116,1.1591885680023983
RCRA,UT,,35,1.7500000000000002
