Program,Num / 1000
CAA,219.5121951219512
CWA,15.97444089456869
RCRA,61.50341685649203
