Program,Num / 1000
CAA,0.0
CWA,61.7678381256656
RCRA,61.50341685649203
