Program,Num / 1000
CAA,1625.0
CWA,244.6043165467626
RCRA,6.67779632721202
