Program,Num / 1000
CAA,0.0
CWA,2302.1582733812947
RCRA,3.33889816360601
