Program,Num / 1000
CAA,380.95238095238096
CWA,133.7579617834395
RCRA,35.64356435643565
