Program,Num / 1000
CAA,142.85714285714286
CWA,713.375796178344
RCRA,14.851485148514852
