Program,Num / 1000
CAA,45.212765957446805
CWA,65.21739130434783
RCRA,15.356820234869016
