Program,Num / 1000
CAA,9.308510638297872
CWA,1604.3478260869565
RCRA,8.130081300813009
