Program,Num / 1000
CAA,247.25274725274724
CWA,120.96774193548387
RCRA,137.0309951060359
