Program,Num / 1000
CAA,60.43956043956044
CWA,193.5483870967742
RCRA,189.23327895595432
