Program,Num / 1000
CAA,379.0087463556851
CWA,228.0701754385965
RCRA,41.35338345864662
