Program,State,CD,Facilities,Percent
CAA,IA,,12,0.2609262883235486
CWA,IA,,1019,57.635746606334834
RCRA,IA,,122,2.412497528178762
CAA,IA,3,1,0.0728862973760933
CWA,IA,3,128,56.14035087719298
RCRA,IA,3,31,2.913533834586466
