Program,Num / 1000
CAA,2.9154518950437316
CWA,4021.9298245614036
RCRA,42.29323308270677
