Program,Num / 1000
CAA,47.41379310344828
CWA,145.5672774384601
RCRA,62.84153005464481
