Program,State,,Facilities,Percent
CAA,MO,,10,0.21551724137931033
CWA,MO,,3331,30.825467332963168
RCRA,MO,,235,3.7769206043072967
