Program,Num / 1000
CAA,777.7777777777778
CWA,65.42056074766356
RCRA,24.183796856106408
