Program,Num / 1000
CAA,305.55555555555554
CWA,190.88669950738915
RCRA,15.212981744421906
