Program,State,CD,Facilities,Percent
CAA,FL,,81,2.038248616004026
CWA,FL,,508,2.3938551434899393
RCRA,FL,,192,0.6816729390044735
CAA,FL,17,6,4.166666666666666
CWA,FL,17,22,2.70935960591133
RCRA,FL,17,5,0.5070993914807302
