Program,Num / 1000
CAA,41.666666666666664
CWA,318.9655172413793
RCRA,8.113590263691684
