Program,Num / 1000
CAA,256.4102564102564
CWA,32.718120805369125
RCRA,35.12396694214876
