Program,Num / 1000
CAA,19.23076923076923
CWA,368.28859060402687
RCRA,103.30578512396694
