Program,Num / 1000
CAA,283.5820895522388
CWA,70.81174438687393
RCRA,20.671834625322997
