Program,Num / 1000
CAA,29.850746268656717
CWA,166.66666666666666
RCRA,15.503875968992247
