Program,Num / 1000
CAA,722.7414330218069
CWA,22.006472491909385
RCRA,62.01550387596899
