Program,Num / 1000
CAA,12.461059190031152
CWA,265.37216828478967
RCRA,23.25581395348837
