Program,Num / 1000
CAA,514.2857142857143
CWA,181.3186813186813
RCRA,62.06896551724138
