Program,Num / 1000
CAA,17.142857142857142
CWA,1428.5714285714287
RCRA,60.3448275862069
