Program,Num / 1000
CAA,400.0
CWA,85.45454545454545
RCRA,64.19400855920114
