Program,Num / 1000
CAA,50.0
CWA,383.6363636363636
RCRA,44.222539229671895
