Program,Num / 1000
CAA,920.844327176781
CWA,237.46081504702195
RCRA,97.00722394220847
