Program,State,CD,Facilities,Percent
CAA,AL,,43,2.1916411824668707
CWA,AL,,1209,11.074471008518824
RCRA,AL,,55,0.9598603839441536
CAA,AL,7,7,1.8469656992084433
CWA,AL,7,239,18.730407523510973
RCRA,AL,7,10,1.0319917440660475
