Program,Num / 1000
CAA,10.554089709762533
CWA,631.6614420062696
RCRA,48.503611971104235
