Program,Num / 1000
CAA,95.15570934256056
CWA,78.43137254901961
RCRA,21.308980213089804
