Program,State,CD,Facilities,Percent
CAA,NH,,3,0.2542372881355932
CWA,NH,,172,12.224591329068941
RCRA,NH,,25,0.8695652173913043
CAA,NH,2,2,0.34602076124567477
CWA,NH,2,88,13.273001508295627
RCRA,NH,2,15,1.141552511415525
