Program,Num / 1000
CAA,7.627118644067797
CWA,316.2757640369581
RCRA,66.78260869565217
