Program,Num / 1000
CAA,10.380622837370241
CWA,365.0075414781297
RCRA,82.95281582952816
