Program,Num / 1000
CAA,110.63829787234043
CWA,58.8235294117647
RCRA,65.33333333333333
