Program,Num / 1000
CAA,191.48936170212767
CWA,749.5256166982922
RCRA,117.33333333333333
