Program,Num / 1000
CAA,430.7692307692308
CWA,100.0
RCRA,75.84597432905484
