Program,Num / 1000
CAA,616.0249739854319
CWA,224.01289282836422
RCRA,116.60329531051964
