Program,Num / 1000
CAA,6.4675084693563285
CWA,452.8993317525329
RCRA,55.238734205523876
