Program,Num / 1000
CAA,7.2840790842872005
CWA,356.16438356164383
RCRA,136.88212927756655
