Program,Num / 1000
CAA,425.531914893617
CWA,302.9850746268657
RCRA,640.4494382022472
