Program,Num / 1000
CAA,63.829787234042556
CWA,641.7910447761194
RCRA,306.17977528089887
