Program,Num / 1000
CAA,637.0967741935484
CWA,10.138740661686233
RCRA,18.315018315018314
