Program,Num / 1000
CAA,8.064516129032258
CWA,100.8537886872999
RCRA,10.989010989010989
