Program,Num / 1000
CAA,390.8629441624365
CWA,214.3939393939394
RCRA,257.34024179620036
