Program,Num / 1000
CAA,43.14720812182741
CWA,2048.4848484848485
RCRA,160.6217616580311
