Program,Num / 1000
CAA,96.7741935483871
CWA,29.038112522686024
RCRA,35.51912568306011
