Program,Num / 1000
CAA,0.0
CWA,61.705989110707804
RCRA,35.51912568306011
