Program,Num / 1000
CAA,238.37209302325581
CWA,200.0
RCRA,39.17727717923604
