Program,State,CD,Facilities,Percent
CAA,OH,,51,0.708136628714246
CWA,OH,,1951,52.47444862829478
RCRA,OH,,224,1.1604413821685748
CAA,OH,12,4,2.3255813953488373
CWA,OH,12,87,49.714285714285715
RCRA,OH,12,8,0.7835455435847208
