Program,Num / 1000
CAA,58.13953488372093
CWA,3754.285714285714
RCRA,18.609206660137122
