Program,Num / 1000
CAA,71.42857142857143
CWA,65.57377049180327
RCRA,45.0
