Program,Num / 1000
CAA,1000.0
CWA,244.44444444444446
RCRA,13.713080168776372
