Program,Num / 1000
CAA,0.0
CWA,1377.7777777777778
RCRA,1.0548523206751055
