Program,Num / 1000
CAA,600.0
CWA,252.25225225225225
RCRA,26.90909090909091
