Program,Num / 1000
CAA,0.0
CWA,1246.2462462462463
RCRA,14.545454545454545
