Program,Num / 1000
CAA,407.4074074074074
CWA,53.87755102040816
RCRA,109.44527736131934
