Program,Num / 1000
CAA,0.0
CWA,63.265306122448976
RCRA,103.44827586206897
