Program,Num / 1000
CAA,2272.7272727272725
CWA,411.1111111111111
RCRA,21.09300095877277
