Program,Num / 1000
CAA,0.0
CWA,2355.5555555555557
RCRA,8.62895493767977
