Program,Num / 1000
CAA,136.25866050808315
CWA,352.67857142857144
RCRA,40.90150250417362
