Program,State,CD,Facilities,Percent
CAA,NY,,23,0.1896437994722955
CWA,NY,,2249,31.1884620718347
RCRA,NY,,249,0.8040038747174685
CAA,NY,2,0,0.0
CWA,NY,2,76,33.92857142857143
RCRA,NY,2,34,2.8380634390651087
