Program,Num / 1000
CAA,0.0
CWA,3075.8928571428573
RCRA,81.80300500834724
