Program,Num / 1000
CAA,146.19883040935673
CWA,176.47058823529412
RCRA,16.566265060240966
