Program,State,CD,Facilities,Percent
CAA,NY,,23,0.1896437994722955
CWA,NY,,2249,31.1884620718347
RCRA,NY,,249,0.8040038747174685
CAA,NY,5,0,0.0
CWA,NY,5,15,29.411764705882355
RCRA,NY,5,4,0.6024096385542169
