Program,Num / 1000
CAA,2.9239766081871346
CWA,4705.882352941177
RCRA,36.144578313253014
