Program,Num / 1000
CAA,2254.901960784314
CWA,544.7058823529412
RCRA,80.59023836549376
