Program,Num / 1000
CAA,102.94117647058823
CWA,1034.1176470588234
RCRA,47.67309875141884
