Program,Num / 1000
CAA,184.35754189944134
CWA,58.3804143126177
RCRA,28.618152085036794
