Program,Num / 1000
CAA,5.58659217877095
CWA,112.99435028248588
RCRA,26.982829108748977
