Program,Num / 1000
CAA,259.18367346938777
CWA,271.84466019417476
RCRA,31.41831238779174
