Program,Num / 1000
CAA,10.204081632653061
CWA,1961.1650485436894
RCRA,6.283662477558348
