Program,Num / 1000
CAA,16.453382084095065
CWA,42.857142857142854
RCRA,16.43489254108723
