Program,State,CD,Facilities,Percent
CAA,IL,,36,0.23637557452396585
CWA,IL,,2067,26.736515327900662
RCRA,IL,,260,1.3121372697451426
CAA,IL,9,0,0.0
CWA,IL,9,14,20.0
RCRA,IL,9,3,0.37926675094816686
