Program,Num / 1000
CAA,5.484460694698354
CWA,1157.142857142857
RCRA,0.0
