Program,Num / 1000
CAA,200.0
CWA,136.11416026344676
RCRA,21.86421173762946
