Program,Num / 1000
CAA,60.869565217391305
CWA,300.76838638858396
RCRA,12.658227848101266
