Program,Num / 1000
CAA,39.473684210526315
CWA,12.865497076023392
RCRA,45.0
