Program,State,CD,Facilities,Percent
CAA,TX,,278,5.009911695801046
CWA,TX,,2664,6.977475117862755
RCRA,TX,,369,2.504241601628775
CAA,TX,2,1,1.3157894736842104
CWA,TX,2,79,9.239766081871345
RCRA,TX,2,13,3.25
