Program,Num / 1000
CAA,26.31578947368421
CWA,249.12280701754386
RCRA,110.0
