Program,Num / 1000
CAA,469.6969696969697
CWA,99.01800327332242
RCRA,72.43460764587525
