Program,State,CD,Facilities,Percent
CAA,AR,,34,2.311352821210061
CWA,AR,,867,18.613138686131386
RCRA,AR,,39,1.566265060240964
CAA,AR,1,5,1.2626262626262625
CWA,AR,1,269,22.013093289689035
RCRA,AR,1,9,1.8108651911468814
