Program,Num / 1000
CAA,22.727272727272727
CWA,1812.6022913256957
RCRA,88.53118712273641
