Program,Num / 1000
CAA,200.0
CWA,21.50537634408602
RCRA,11.664899257688228
