Program,Num / 1000
CAA,31.57894736842105
CWA,71.68458781362007
RCRA,26.511134676564158
