Program,Num / 1000
CAA,862.3376623376623
CWA,510.9689213893967
RCRA,159.2836946277097
