Program,Num / 1000
CAA,70.12987012987013
CWA,817.1846435100548
RCRA,40.52780395852969
