Program,Num / 1000
CAA,1134.7150259067357
CWA,479.05405405405406
RCRA,71.94244604316546
