Program,State,CD,Facilities,Percent
CAA,AL,,43,2.1916411824668707
CWA,AL,,1209,11.074471008518824
RCRA,AL,,55,0.9598603839441536
CAA,AL,5,8,4.145077720207254
CWA,AL,5,129,8.716216216216216
RCRA,AL,5,10,1.4388489208633095
