Program,Num / 1000
CAA,15.544041450777202
CWA,209.45945945945945
RCRA,37.410071942446045
