Program,Num / 1000
CAA,1112.0
CWA,271.7770034843206
RCRA,377.2455089820359
