Program,Num / 1000
CAA,16.0
CWA,449.4773519163763
RCRA,14.970059880239521
