Program,Num / 1000
CAA,121.62162162162163
CWA,70.08547008547009
RCRA,37.08987161198288
