Program,Num / 1000
CAA,27.027027027027028
CWA,152.13675213675214
RCRA,22.82453637660485
