Program,Num / 1000
CAA,796.2962962962963
CWA,376.3440860215054
RCRA,74.96012759170654
