Program,Num / 1000
CAA,9.25925925925926
CWA,1376.3440860215053
RCRA,20.73365231259968
