Program,Num / 1000
CAA,1318.3520599250937
CWA,357.0487483530962
RCRA,177.55102040816325
