Program,Num / 1000
CAA,26.217228464419474
CWA,811.5942028985507
RCRA,30.612244897959183
