Program,Num / 1000
CAA,235.2941176470588
CWA,34.92884864165589
RCRA,8.960573476702509
