Program,Num / 1000
CAA,176.47058823529412
CWA,752.9107373868046
RCRA,5.376344086021505
