Program,Num / 1000
CAA,102.4390243902439
CWA,214.28571428571428
RCRA,53.931124106562706
