Program,Num / 1000
CAA,39.02439024390244
CWA,1425.0
RCRA,40.93567251461988
