Program,Num / 1000
CAA,30.120481927710845
CWA,1292.7689594356261
RCRA,51.18601747815231
