Program,Num / 1000
CAA,109.0909090909091
CWA,106.87022900763358
RCRA,56.99138502319417
