Program,Num / 1000
CAA,25.454545454545453
CWA,1217.557251908397
RCRA,61.63021868787276
