Program,Num / 1000
CAA,282.4074074074074
CWA,266.6666666666667
RCRA,55.1301684532925
