Program,State,CD,Facilities,Percent
CAA,OH,,51,0.708136628714246
CWA,OH,,1951,52.47444862829478
RCRA,OH,,224,1.1604413821685748
CAA,OH,4,3,0.6944444444444444
CWA,OH,4,209,49.76190476190476
RCRA,OH,4,14,1.0719754977029097
