Program,Num / 1000
CAA,55.55555555555556
CWA,3426.190476190476
RCRA,36.75344563552833
