Program,Num / 1000
CAA,558.8235294117648
CWA,257.9505300353357
RCRA,7.256894049346879
