Program,Num / 1000
CAA,44.11764705882353
CWA,1067.1378091872791
RCRA,11.611030478955007
