Program,Num / 1000
CAA,27.707808564231737
CWA,862.3655913978495
RCRA,37.04254686105326
