Program,Num / 1000
CAA,288.2797731568998
CWA,724.3243243243244
RCRA,15.463917525773196
