Program,Num / 1000
CAA,10.869565217391305
CWA,5502.7027027027025
RCRA,5.154639175257732
