Program,Num / 1000
CAA,3937.5
CWA,362.0689655172414
RCRA,19.79045401629802
