Program,Num / 1000
CAA,0.0
CWA,1258.6206896551723
RCRA,6.984866123399302
