Program,Num / 1000
CAA,9.345794392523365
CWA,70.86614173228347
RCRA,12.626262626262626
