Program,Num / 1000
CAA,9.345794392523365
CWA,1889.763779527559
RCRA,6.313131313131313
