Program,Num / 1000
CAA,44.091710758377424
CWA,280.52805280528054
RCRA,23.542600896860986
