Program,State,CD,Facilities,Percent
CAA,CT,,21,0.7853403141361256
CWA,CT,,304,18.052256532066508
RCRA,CT,,125,2.779630865021125
CAA,CT,3,7,1.2345679012345678
CWA,CT,3,55,18.151815181518153
RCRA,CT,3,27,3.0269058295964126
