Program,Num / 1000
CAA,14.210919970082275
CWA,625.8907363420427
RCRA,18.01200800533689
