Program,Num / 1000
CAA,14.109347442680775
CWA,683.1683168316831
RCRA,33.63228699551569
