Program,Num / 1000
CAA,1177.7777777777778
CWA,126.98412698412699
RCRA,52.92479108635097
