Program,Num / 1000
CAA,22.22222222222222
CWA,1253.968253968254
RCRA,13.927576601671309
