Program,Num / 1000
CAA,119.76047904191617
CWA,56.298773690078036
RCRA,227.4704785581106
