Program,State,,Facilities,Percent
CAA,MT,,7,4.191616766467066
CWA,MT,,507,14.130434782608695
RCRA,MT,,27,1.6780609073958979
