Program,Num / 1000
CAA,17.964071856287426
CWA,1158.3054626532887
RCRA,17.40211311373524
