Program,Num / 1000
CAA,587.1313672922251
CWA,309.09090909090907
RCRA,11.516314779270633
