Program,State,,Facilities,Percent
CAA,ME,,4,0.5361930294906166
CWA,ME,,181,11.753246753246753
RCRA,ME,,33,1.583493282149712
