Program,Num / 1000
CAA,74.95741056218058
CWA,571.4285714285714
RCRA,38.64734299516908
