Program,Num / 1000
CAA,0.0
CWA,1178.5714285714287
RCRA,28.985507246376812
