Program,Num / 1000
CAA,681.8181818181819
CWA,184.21052631578948
RCRA,64.03940886699507
