Program,Num / 1000
CAA,0.0
CWA,789.4736842105264
RCRA,49.26108374384236
