Program,Num / 1000
CAA,71.57894736842105
CWA,169.01408450704224
RCRA,41.82509505703422
