Program,State,CD,Facilities,Percent
CAA,MO,,10,0.21551724137931033
CWA,MO,,3331,30.825467332963168
RCRA,MO,,235,3.7769206043072967
CAA,MO,4,1,0.21052631578947367
CWA,MO,4,694,39.098591549295776
RCRA,MO,4,19,3.6121673003802277
