Program,Num / 1000
CAA,0.0
CWA,3577.4647887323945
RCRA,79.84790874524715
