Program,Num / 1000
CAA,141.24293785310735
CWA,200.0
RCRA,2.5244556642473968
