Program,Num / 1000
CAA,67.79661016949153
CWA,25.0
RCRA,1.577784790154623
