Program,Num / 1000
CAA,320.5128205128205
CWA,342.4657534246575
RCRA,29.213483146067414
