Program,State,CD,Facilities,Percent
CAA,WI,,30,3.7783375314861463
CWA,WI,,409,29.31899641577061
RCRA,WI,,136,1.0116036893781613
CAA,WI,5,0,0.0
CWA,WI,5,22,30.136986301369863
RCRA,WI,5,14,0.7865168539325843
