Program,Num / 1000
CAA,25.641025641025642
CWA,767.1232876712329
RCRA,32.02247191011236
