Program,Num / 1000
CAA,1040.6504065040651
CWA,309.6446700507614
RCRA,114.03508771929825
