Program,State,CD,Facilities,Percent
CAA,NC,,75,2.524402558061259
CWA,NC,,977,15.689738236711095
RCRA,NC,,60,0.751503006012024
CAA,NC,9,2,1.6260162601626018
CWA,NC,9,30,15.228426395939088
RCRA,NC,9,3,0.6578947368421052
