Program,Num / 1000
CAA,73.17073170731707
CWA,441.6243654822335
RCRA,6.578947368421052
