Program,Num / 1000
CAA,278.5831607512676
CWA,588.8468809073725
RCRA,16.478751084128362
