Program,State,,Facilities,Percent
CAA,OK,,32,0.22852245947297006
CWA,OK,,416,39.31947069943289
RCRA,OK,,23,0.66493206128939
