Program,Num / 1000
CAA,211.864406779661
CWA,11.673151750972762
RCRA,18.11401172083111
