Program,Num / 1000
CAA,19.774011299435028
CWA,247.0817120622568
RCRA,23.97442727757059
