Program,Num / 1000
CAA,1250.0
CWA,175.2577319587629
RCRA,121.49532710280374
