Program,Num / 1000
CAA,40.32258064516129
CWA,229.38144329896906
RCRA,42.05607476635514
