Program,Num / 1000
CAA,126.16822429906541
CWA,224.8175182481752
RCRA,11.389521640091116
