Program,State,CD,Facilities,Percent
CAA,NY,,23,0.1896437994722955
CWA,NY,,2249,31.1884620718347
RCRA,NY,,249,0.8040038747174685
CAA,NY,19,1,0.23364485981308408
CWA,NY,19,286,41.75182481751825
RCRA,NY,19,1,0.11389521640091116
