Program,Num / 1000
CAA,0.0
CWA,3113.868613138686
RCRA,11.389521640091116
