Program,Num / 1000
CAA,237.8048780487805
CWA,20.18348623853211
RCRA,25.41914548404543
