Program,State,CD,Facilities,Percent
CAA,MA,,78,1.9417475728155338
CWA,MA,,492,10.962566844919785
RCRA,MA,,354,1.9710467706013364
CAA,MA,3,13,2.642276422764228
CWA,MA,3,35,6.422018348623854
RCRA,MA,3,52,2.8123309897241753
