Program,Num / 1000
CAA,6.097560975609756
CWA,293.57798165137615
RCRA,20.55164954029205
