Program,Num / 1000
CAA,496.35036496350364
CWA,123.54312354312354
RCRA,39.667306461932185
