Program,Num / 1000
CAA,458.01526717557255
CWA,388.93844781445137
RCRA,63.38028169014085
