Program,Num / 1000
CAA,104.32569974554707
CWA,611.9536128456735
RCRA,32.570422535211264
