Program,Num / 1000
CAA,131.59167876149007
CWA,250.92250922509226
RCRA,10.285482891273537
