Program,State,,Facilities,Percent
CAA,MN,,37,1.7900338655055636
CWA,MN,,179,11.00861008610086
RCRA,MN,,137,0.5547681716946751
