Program,Num / 1000
CAA,479.8994974874372
CWA,223.56495468277944
RCRA,46.413502109704645
