Program,State,CD,Facilities,Percent
CAA,NY,,23,0.1896437994722955
CWA,NY,,2249,31.1884620718347
RCRA,NY,,249,0.8040038747174685
CAA,NY,23,0,0.0
CWA,NY,23,208,31.419939577039273
RCRA,NY,23,5,0.42194092827004215
