Program,Num / 1000
CAA,0.0
CWA,2844.4108761329303
RCRA,27.0042194092827
