Program,Num / 1000
CAA,36.92307692307692
CWA,92.17877094972067
RCRA,39.77272727272727
