Program,Num / 1000
CAA,0.0
CWA,1666.2011173184358
RCRA,143.4659090909091
