Program,Num / 1000
CAA,458.3333333333333
CWA,258.9928057553957
RCRA,9.25925925925926
