Program,State,CD,Facilities,Percent
CAA,CA,,185,13.633014001473839
CWA,CA,,1363,12.946428571428573
RCRA,CA,,356,0.288745417383123
CAA,CA,6,2,8.333333333333332
CWA,CA,6,20,14.388489208633093
RCRA,CA,6,2,0.23148148148148145
