Program,Num / 1000
CAA,41.666666666666664
CWA,1791.36690647482
RCRA,8.101851851851851
