Program,Num / 1000
CAA,394.9889462048637
CWA,1575.5129179331307
RCRA,6.285890406514616
