Program,Num / 1000
CAA,2760.0
CWA,228.8135593220339
RCRA,21.669341894060995
