Program,Num / 1000
CAA,0.0
CWA,1570.6214689265537
RCRA,21.669341894060995
