Program,Num / 1000
CAA,545.4545454545455
CWA,76.30522088353413
RCRA,16.39344262295082
