Program,Num / 1000
CAA,0.0
CWA,1064.2570281124497
RCRA,1.092896174863388
