Program,Num / 1000
CAA,619.6319018404907
CWA,194.63087248322148
RCRA,90.75630252100841
