Program,Num / 1000
CAA,15.337423312883436
CWA,1080.5369127516778
RCRA,144.53781512605042
