Program,Num / 1000
CAA,31.207598371777475
CWA,754.9306062819576
RCRA,99.78308026030369
