Program,Num / 1000
CAA,232.5581395348837
CWA,317.6470588235294
RCRA,18.034265103697024
