Program,State,CD,Facilities,Percent
CAA,NY,,23,0.1896437994722955
CWA,NY,,2249,31.1884620718347
RCRA,NY,,249,0.8040038747174685
CAA,NY,3,1,0.21141649048625794
CWA,NY,3,49,28.823529411764703
RCRA,NY,3,14,1.2623985572587917
