Program,Num / 1000
CAA,0.0
CWA,1841.1764705882354
RCRA,32.46167718665465
