Program,Num / 1000
CAA,55.0
CWA,51.282051282051285
RCRA,56.12722170252572
