Program,Num / 1000
CAA,0.0
CWA,1219.3732193732194
RCRA,118.80261927034611
