Program,Num / 1000
CAA,380.95238095238096
CWA,261.85770750988144
RCRA,198.36400817995911
