Program,Num / 1000
CAA,23.80952380952381
CWA,337.94466403162056
RCRA,188.13905930470347
