Program,Num / 1000
CAA,64.68531468531468
CWA,157.66604593420237
RCRA,78.94736842105263
