Program,Num / 1000
CAA,3.4965034965034967
CWA,2673.4947237740535
RCRA,110.52631578947368
