Program,Num / 1000
CAA,116.03650586701434
CWA,133.77679231337768
RCRA,491.9571045576408
