Program,Num / 1000
CAA,11.734028683181226
CWA,1623.059866962306
RCRA,17.42627345844504
