Program,Num / 1000
CAA,2964.9122807017543
CWA,265.82278481012656
RCRA,25.019546520719313
