Program,Num / 1000
CAA,0.0
CWA,1731.6455696202531
RCRA,25.80140734949179
