Program,Num / 1000
CAA,858.7786259541984
CWA,263.7485970819304
RCRA,56.17977528089887
