Program,Num / 1000
CAA,30.53435114503817
CWA,396.1840628507295
RCRA,11.235955056179776
