Program,Num / 1000
CAA,775.8620689655172
CWA,132.86713286713288
RCRA,60.869565217391305
