Program,Num / 1000
CAA,379.3103448275862
CWA,772.7272727272727
RCRA,59.90338164251208
