Program,Num / 1000
CAA,2000.0
CWA,227.81456953642385
RCRA,19.593613933236576
