Program,Num / 1000
CAA,0.0
CWA,1712.5827814569536
RCRA,15.239477503628446
