Program,Num / 1000
CAA,20.10968921389397
CWA,244.5141065830721
RCRA,25.20045819014891
