Program,State,CD,Facilities,Percent
CAA,CT,,21,0.7853403141361256
CWA,CT,,304,18.052256532066508
RCRA,CT,,125,2.779630865021125
CAA,CT,5,2,0.3656307129798903
CWA,CT,5,59,18.495297805642632
RCRA,CT,5,42,4.810996563573884
