Program,Num / 1000
CAA,12.79707495429616
CWA,721.0031347962382
RCRA,12.600229095074456
