Program,Num / 1000
CAA,10.687022900763358
CWA,76.08695652173913
RCRA,3.9564787339268053
