Program,State,CD,Facilities,Percent
CAA,IL,,36,0.23637557452396585
CWA,IL,,2067,26.736515327900662
RCRA,IL,,260,1.3121372697451426
CAA,IL,5,0,0.0
CWA,IL,5,12,13.043478260869565
RCRA,IL,5,7,0.6923837784371909
