Program,Num / 1000
CAA,1.5267175572519085
CWA,847.8260869565217
RCRA,4.945598417408506
