Program,Num / 1000
CAA,129.62962962962962
CWA,59.12596401028278
RCRA,32.196969696969695
