Program,Num / 1000
CAA,27.77777777777778
CWA,113.11053984575835
RCRA,32.196969696969695
