Program,Num / 1000
CAA,72.79236276849642
CWA,335.69739952718675
RCRA,52.12858384013901
