Program,Num / 1000
CAA,13.126491646778042
CWA,4553.191489361702
RCRA,67.76715899218071
