Program,Num / 1000
CAA,115.96385542168674
CWA,320.0
RCRA,21.73913043478261
