Program,Num / 1000
CAA,3.0120481927710845
CWA,1160.0
RCRA,12.54180602006689
