Program,Num / 1000
CAA,372.48322147651004
CWA,38.86588085377509
RCRA,80.20050125313283
