Program,Num / 1000
CAA,0.0
CWA,115.64192417967506
RCRA,62.65664160401003
