Program,Num / 1000
CAA,11.254019292604502
CWA,200.0
RCRA,7.383966244725738
