Program,State,CD,Facilities,Percent
CAA,MD,,17,0.16624291022882848
CWA,MD,,1254,25.72307692307692
RCRA,MD,,36,0.3287971504246963
CAA,MD,4,0,0.0
CWA,MD,4,72,25.71428571428571
RCRA,MD,4,3,0.31645569620253167
