Program,Num / 1000
CAA,227.27272727272728
CWA,83.65508365508366
RCRA,52.58545135845749
