Program,State,CD,Facilities,Percent
CAA,FL,,81,2.038248616004026
CWA,FL,,508,2.3938551434899393
RCRA,FL,,192,0.6816729390044735
CAA,FL,2,8,5.194805194805195
CWA,FL,2,27,3.474903474903475
RCRA,FL,2,18,1.5775635407537247
