Program,Num / 1000
CAA,38.96103896103896
CWA,312.74131274131275
RCRA,13.146362839614373
