Program,Num / 1000
CAA,401.0416666666667
CWA,272.9805013927577
RCRA,14.976174268209666
