Program,Num / 1000
CAA,83.33333333333333
CWA,5793.871866295264
RCRA,12.933968686181075
