Program,Num / 1000
CAA,151.75097276264592
CWA,226.8041237113402
RCRA,13.676588897827836
