Program,Num / 1000
CAA,46.69260700389105
CWA,467.35395189003435
RCRA,6.838294448913918
