Program,Num / 1000
CAA,366.42599277978337
CWA,463.5036496350365
RCRA,33.87180823345493
