Program,State,CD,Facilities,Percent
CAA,MI,,99,3.4422809457579975
CWA,MI,,1460,45.06172839506173
RCRA,MI,,468,1.933484817186532
CAA,MI,1,12,2.166064981949458
CWA,MI,1,154,56.20437956204379
RCRA,MI,1,20,1.0422094841063054
