Program,Num / 1000
CAA,30.685920577617328
CWA,6755.474452554745
RCRA,13.54872329338197
