Program,Num / 1000
CAA,1160.0
CWA,360.5442176870748
RCRA,38.16793893129771
