Program,Num / 1000
CAA,0.0
CWA,3367.3469387755104
RCRA,29.44383860414395
