Program,Num / 1000
CAA,214.86123545210384
CWA,203.1000683838614
RCRA,37.195523370638575
