Program,State,,Facilities,Percent
CAA,MS,,15,1.342882721575649
CWA,MS,,798,18.190107134716207
RCRA,MS,,30,0.9874917709019092
