Program,Num / 1000
CAA,296.7032967032967
CWA,173.75886524822695
RCRA,31.99174406604747
