Program,State,CD,Facilities,Percent
CAA,OH,,51,0.708136628714246
CWA,OH,,1951,52.47444862829478
RCRA,OH,,224,1.1604413821685748
CAA,OH,15,3,1.6483516483516485
CWA,OH,15,172,60.99290780141844
RCRA,OH,15,7,0.7223942208462332
