Program,Num / 1000
CAA,27.47252747252747
CWA,4872.340425531915
RCRA,33.02373581011352
