Program,Num / 1000
CAA,833.3333333333334
CWA,85.1063829787234
RCRA,17.027863777089784
