Program,Num / 1000
CAA,1766.6666666666667
CWA,245.76271186440678
RCRA,144.44444444444446
