Program,Num / 1000
CAA,11.11111111111111
CWA,701.271186440678
RCRA,25.0
