Program,Num / 1000
CAA,330.4347826086956
CWA,31.05232892466935
RCRA,24.674434544208363
