Program,State,,Facilities,Percent
CAA,HI,,16,13.91304347826087
CWA,HI,,127,7.303047728579644
RCRA,HI,,25,1.7135023989033584
