Program,Num / 1000
CAA,243.47826086956522
CWA,1248.4186313973548
RCRA,18.50582590815627
