Program,Num / 1000
CAA,373.78303198887346
CWA,207.71604938271605
RCRA,36.85189010535014
