Program,State,,Facilities,Percent
CAA,MI,,99,3.4422809457579975
CWA,MI,,1460,45.06172839506173
RCRA,MI,,468,1.933484817186532
