Program,Num / 1000
CAA,500.0
CWA,47.10144927536232
RCRA,86.81672025723472
