Program,Num / 1000
CAA,250.0
CWA,12.318840579710145
RCRA,6.430868167202572
