Program,Num / 1000
CAA,0.0
CWA,9.784735812133073
RCRA,19.801980198019802
