Program,Num / 1000
CAA,97.0873786407767
CWA,92.76729559748428
RCRA,11.723329425556859
