Program,State,CD,Facilities,Percent
CAA,FL,,81,2.038248616004026
CWA,FL,,508,2.3938551434899393
RCRA,FL,,192,0.6816729390044735
CAA,FL,7,0,0.0
CWA,FL,7,12,1.8867924528301887
RCRA,FL,7,5,0.5861664712778429
