Program,Num / 1000
CAA,29.12621359223301
CWA,103.77358490566037
RCRA,3.5169988276670576
