Program,Num / 1000
CAA,35.08771929824562
CWA,2.881844380403458
RCRA,18.34862385321101
