Program,Num / 1000
CAA,17.54385964912281
CWA,37.46397694524496
RCRA,36.69724770642202
