Program,Num / 1000
CAA,333.3333333333333
CWA,128.29525483304042
RCRA,67.40196078431373
