Program,Num / 1000
CAA,63.492063492063494
CWA,195.07908611599296
RCRA,44.11764705882353
