Program,Num / 1000
CAA,54.5144804088586
CWA,165.38952745849298
RCRA,54.21686746987952
