Program,Num / 1000
CAA,3.4071550255536627
CWA,3938.058748403576
RCRA,48.19277108433735
