Program,Num / 1000
CAA,208.955223880597
CWA,194.34306569343065
RCRA,26.771653543307085
