Program,State,CD,Facilities,Percent
CAA,MS,,15,1.342882721575649
CWA,MS,,798,18.190107134716207
RCRA,MS,,30,0.9874917709019092
CAA,MS,3,2,0.7462686567164178
CWA,MS,3,189,17.244525547445257
RCRA,MS,3,5,0.7874015748031495
