Program,Num / 1000
CAA,48.507462686567166
CWA,632.2992700729927
RCRA,23.62204724409449
