Program,Num / 1000
CAA,6442.622950819672
CWA,23.80952380952381
RCRA,20.27027027027027
