Program,Num / 1000
CAA,967.2131147540983
CWA,833.3333333333334
RCRA,12.387387387387387
