Program,Num / 1000
CAA,262.77372262773724
CWA,85.32423208191126
RCRA,39.3852065321806
