Program,State,CD,Facilities,Percent
CAA,FL,,81,2.038248616004026
CWA,FL,,508,2.3938551434899393
RCRA,FL,,192,0.6816729390044735
CAA,FL,10,3,2.18978102189781
CWA,FL,10,10,0.8532423208191127
RCRA,FL,10,6,0.5763688760806917
