Program,Num / 1000
CAA,51.09489051094891
CWA,130.54607508532422
RCRA,12.487992315081652
