Program,Num / 1000
CAA,555.5555555555555
CWA,411.7647058823529
RCRA,24.896265560165975
