Program,Num / 1000
CAA,0.0
CWA,647.0588235294117
RCRA,49.79253112033195
