Program,Num / 1000
CAA,333.3333333333333
CWA,129.76629766297663
RCRA,54.14746543778802
