Program,Num / 1000
CAA,269.00584795321635
CWA,738.0073800738007
RCRA,26.497695852534562
