Program,Num / 1000
CAA,68.59903381642512
CWA,266.3438256658596
RCRA,30.869212022745735
