Program,State,CD,Facilities,Percent
CAA,IA,,12,0.2609262883235486
CWA,IA,,1019,57.635746606334834
RCRA,IA,,122,2.412497528178762
CAA,IA,1,2,0.1932367149758454
CWA,IA,1,283,68.52300242130751
RCRA,IA,1,33,2.680747359870024
