Program,Num / 1000
CAA,6.763285024154589
CWA,5401.937046004843
RCRA,39.80503655564581
