Program,Num / 1000
CAA,1043.4782608695652
CWA,347.36842105263156
RCRA,61.84364060676779
