Program,Num / 1000
CAA,3043.478260869565
CWA,778.9473684210526
RCRA,29.171528588098017
