Program,Num / 1000
CAA,966.2576687116565
CWA,73.36343115124153
RCRA,89.97429305912597
