Program,Num / 1000
CAA,42.94478527607362
CWA,580.6997742663657
RCRA,89.97429305912597
