Program,Num / 1000
CAA,49.14004914004914
CWA,108.69565217391305
RCRA,25.052192066805844
