Program,State,CD,Facilities,Percent
CAA,IL,,36,0.23637557452396585
CWA,IL,,2067,26.736515327900662
RCRA,IL,,260,1.3121372697451426
CAA,IL,2,2,0.2457002457002457
CWA,IL,2,80,24.84472049689441
RCRA,IL,2,20,2.0876826722338206
