Program,Num / 1000
CAA,11.056511056511056
CWA,1819.8757763975154
RCRA,6.263048016701461
