Program,Num / 1000
CAA,591.3978494623656
CWA,7.159904534606206
RCRA,54.151624548736464
