Program,Num / 1000
CAA,10.75268817204301
CWA,82.01345194185289
RCRA,68.59205776173285
