Program,Num / 1000
CAA,27.178054356108714
CWA,250.2976998767418
RCRA,49.49514947535142
