Program,Num / 1000
CAA,15.789473684210526
CWA,116.33663366336634
RCRA,13.496932515337424
