Program,State,CD,Facilities,Percent
CAA,IL,,36,0.23637557452396585
CWA,IL,,2067,26.736515327900662
RCRA,IL,,260,1.3121372697451426
CAA,IL,14,0,0.0
CWA,IL,14,90,22.277227722772277
RCRA,IL,14,8,0.98159509202454
