Program,Num / 1000
CAA,3.9473684210526314
CWA,2180.6930693069307
RCRA,19.631901840490798
