Program,Num / 1000
CAA,1091.5750915750916
CWA,321.011673151751
RCRA,117.4496644295302
