Program,Num / 1000
CAA,69.59706959706959
CWA,478.59922178988325
RCRA,20.13422818791946
