Program,Num / 1000
CAA,85.71428571428571
CWA,20.32520325203252
RCRA,21.961932650073205
