Program,Num / 1000
CAA,0.0
CWA,52.84552845528455
RCRA,19.03367496339678
