Program,Num / 1000
CAA,12.711864406779661
CWA,70.53941908713693
RCRA,16.503667481662593
