Program,Num / 1000
CAA,9.32370321733421
CWA,2844.3927046953822
RCRA,12.768104970981579
