Program,Num / 1000
CAA,14.830508474576272
CWA,1580.9128630705395
RCRA,6.112469437652812
