Program,Num / 1000
CAA,2941.176470588235
CWA,216.86746987951807
RCRA,39.25233644859813
