Program,Num / 1000
CAA,0.0
CWA,879.5180722891566
RCRA,36.44859813084112
