Program,Num / 1000
CAA,449.27536231884056
CWA,75.06702412868633
RCRA,80.56872037914692
