Program,Num / 1000
CAA,0.0
CWA,908.8471849865952
RCRA,101.89573459715639
