Program,Num / 1000
CAA,582.5418362731796
CWA,126.36961285609934
RCRA,72.96391244330506
