Program,State,,Facilities,Percent
CAA,SC,,17,0.7688828584350972
CWA,SC,,544,19.868517165814463
RCRA,SC,,64,1.2620784855058176
