Program,Num / 1000
CAA,226.66666666666666
CWA,125.85669781931465
RCRA,46.384720327421554
