Program,Num / 1000
CAA,218.1425485961123
CWA,738.3681149503934
RCRA,39.99540282726124
