Program,Num / 1000
CAA,240.0
CWA,641.7445482866044
RCRA,28.649386084583902
