Program,Num / 1000
CAA,217.82178217821783
CWA,209.3821510297483
RCRA,57.712486883525706
