Program,State,CD,Facilities,Percent
CAA,MS,,15,1.342882721575649
CWA,MS,,798,18.190107134716207
RCRA,MS,,30,0.9874917709019092
CAA,MS,4,3,1.4851485148514851
CWA,MS,4,137,15.675057208237986
RCRA,MS,4,9,0.944386149003148
