Program,Num / 1000
CAA,40.28648164726947
CWA,648.5069523592432
RCRA,16.458196181698487
