Program,Num / 1000
CAA,29.702970297029704
CWA,562.929061784897
RCRA,25.183630640083944
