Program,Num / 1000
CAA,207.4468085106383
CWA,68.57142857142857
RCRA,77.92207792207792
