Program,Num / 1000
CAA,42.5531914893617
CWA,1005.7142857142857
RCRA,84.41558441558442
